date_key,order_date,year,quarter,month,month_name,year_month,week_of_year,day,weekday_name
20160904,2016-09-04,2016,Q3,9,Sep,2016-09,35,4,Sunday
20160905,2016-09-05,2016,Q3,9,Sep,2016-09,36,5,Monday
20160915,2016-09-15,2016,Q3,9,Sep,2016-09,37,15,Thursday
20161002,2016-10-02,2016,Q4,10,Oct,2016-10,39,2,Sunday
20161003,2016-10-03,2016,Q4,10,Oct,2016-10,40,3,Monday
20161004,2016-10-04,2016,Q4,10,Oct,2016-10,40,4,Tuesday
20161005,2016-10-05,2016,Q4,10,Oct,2016-10,40,5,Wednesday
20161006,2016-10-06,2016,Q4,10,Oct,2016-10,40,6,Thursday
20161007,2016-10-07,2016,Q4,10,Oct,2016-10,40,7,Friday
20161008,2016-10-08,2016,Q4,10,Oct,2016-10,40,8,Saturday
20161009,2016-10-09,2016,Q4,10,Oct,2016-10,40,9,Sunday
20161010,2016-10-10,2016,Q4,10,Oct,2016-10,41,10,Monday
20161223,2016-12-23,2016,Q4,12,Dec,2016-12,51,23,Friday
20170105,2017-01-05,2017,Q1,1,Jan,2017-01,1,5,Thursday
20170106,2017-01-06,2017,Q1,1,Jan,2017-01,1,6,Friday
20170107,2017-01-07,2017,Q1,1,Jan,2017-01,1,7,Saturday
20170108,2017-01-08,2017,Q1,1,Jan,2017-01,1,8,Sunday
20170109,2017-01-09,2017,Q1,1,Jan,2017-01,2,9,Monday
20170110,2017-01-10,2017,Q1,1,Jan,2017-01,2,10,Tuesday
20170111,2017-01-11,2017,Q1,1,Jan,2017-01,2,11,Wednesday
20170112,2017-01-12,2017,Q1,1,Jan,2017-01,2,12,Thursday
20170113,2017-01-13,2017,Q1,1,Jan,2017-01,2,13,Friday
20170114,2017-01-14,2017,Q1,1,Jan,2017-01,2,14,Saturday
20170115,2017-01-15,2017,Q1,1,Jan,2017-01,2,15,Sunday
20170116,2017-01-16,2017,Q1,1,Jan,2017-01,3,16,Monday
20170117,2017-01-17,2017,Q1,1,Jan,2017-01,3,17,Tuesday
20170118,2017-01-18,2017,Q1,1,Jan,2017-01,3,18,Wednesday
20170119,2017-01-19,2017,Q1,1,Jan,2017-01,3,19,Thursday
20170120,2017-01-20,2017,Q1,1,Jan,2017-01,3,20,Friday
20170121,2017-01-21,2017,Q1,1,Jan,2017-01,3,21,Saturday
20170122,2017-01-22,2017,Q1,1,Jan,2017-01,3,22,Sunday
20170123,2017-01-23,2017,Q1,1,Jan,2017-01,4,23,Monday
20170124,2017-01-24,2017,Q1,1,Jan,2017-01,4,24,Tuesday
20170125,2017-01-25,2017,Q1,1,Jan,2017-01,4,25,Wednesday
20170126,2017-01-26,2017,Q1,1,Jan,2017-01,4,26,Thursday
20170127,2017-01-27,2017,Q1,1,Jan,2017-01,4,27,Friday
20170128,2017-01-28,2017,Q1,1,Jan,2017-01,4,28,Saturday
20170129,2017-01-29,2017,Q1,1,Jan,2017-01,4,29,Sunday
20170130,2017-01-30,2017,Q1,1,Jan,2017-01,5,30,Monday
20170131,2017-01-31,2017,Q1,1,Jan,2017-01,5,31,Tuesday
20170201,2017-02-01,2017,Q1,2,Feb,2017-02,5,1,Wednesday
20170202,2017-02-02,2017,Q1,2,Feb,2017-02,5,2,Thursday
20170203,2017-02-03,2017,Q1,2,Feb,2017-02,5,3,Friday
20170204,2017-02-04,2017,Q1,2,Feb,2017-02,5,4,Saturday
20170205,2017-02-05,2017,Q1,2,Feb,2017-02,5,5,Sunday
20170206,2017-02-06,2017,Q1,2,Feb,2017-02,6,6,Monday
20170207,2017-02-07,2017,Q1,2,Feb,2017-02,6,7,Tuesday
20170208,2017-02-08,2017,Q1,2,Feb,2017-02,6,8,Wednesday
20170209,2017-02-09,2017,Q1,2,Feb,2017-02,6,9,Thursday
20170210,2017-02-10,2017,Q1,2,Feb,2017-02,6,10,Friday
20170211,2017-02-11,2017,Q1,2,Feb,2017-02,6,11,Saturday
20170212,2017-02-12,2017,Q1,2,Feb,2017-02,6,12,Sunday
20170213,2017-02-13,2017,Q1,2,Feb,2017-02,7,13,Monday
20170214,2017-02-14,2017,Q1,2,Feb,2017-02,7,14,Tuesday
20170215,2017-02-15,2017,Q1,2,Feb,2017-02,7,15,Wednesday
20170216,2017-02-16,2017,Q1,2,Feb,2017-02,7,16,Thursday
20170217,2017-02-17,2017,Q1,2,Feb,2017-02,7,17,Friday
20170218,2017-02-18,2017,Q1,2,Feb,2017-02,7,18,Saturday
20170219,2017-02-19,2017,Q1,2,Feb,2017-02,7,19,Sunday
20170220,2017-02-20,2017,Q1,2,Feb,2017-02,8,20,Monday
20170221,2017-02-21,2017,Q1,2,Feb,2017-02,8,21,Tuesday
20170222,2017-02-22,2017,Q1,2,Feb,2017-02,8,22,Wednesday
20170223,2017-02-23,2017,Q1,2,Feb,2017-02,8,23,Thursday
20170224,2017-02-24,2017,Q1,2,Feb,2017-02,8,24,Friday
20170225,2017-02-25,2017,Q1,2,Feb,2017-02,8,25,Saturday
20170226,2017-02-26,2017,Q1,2,Feb,2017-02,8,26,Sunday
20170227,2017-02-27,2017,Q1,2,Feb,2017-02,9,27,Monday
20170228,2017-02-28,2017,Q1,2,Feb,2017-02,9,28,Tuesday
20170301,2017-03-01,2017,Q1,3,Mar,2017-03,9,1,Wednesday
20170302,2017-03-02,2017,Q1,3,Mar,2017-03,9,2,Thursday
20170303,2017-03-03,2017,Q1,3,Mar,2017-03,9,3,Friday
20170304,2017-03-04,2017,Q1,3,Mar,2017-03,9,4,Saturday
20170305,2017-03-05,2017,Q1,3,Mar,2017-03,9,5,Sunday
20170306,2017-03-06,2017,Q1,3,Mar,2017-03,10,6,Monday
20170307,2017-03-07,2017,Q1,3,Mar,2017-03,10,7,Tuesday
20170308,2017-03-08,2017,Q1,3,Mar,2017-03,10,8,Wednesday
20170309,2017-03-09,2017,Q1,3,Mar,2017-03,10,9,Thursday
20170310,2017-03-10,2017,Q1,3,Mar,2017-03,10,10,Friday
20170311,2017-03-11,2017,Q1,3,Mar,2017-03,10,11,Saturday
20170312,2017-03-12,2017,Q1,3,Mar,2017-03,10,12,Sunday
20170313,2017-03-13,2017,Q1,3,Mar,2017-03,11,13,Monday
20170314,2017-03-14,2017,Q1,3,Mar,2017-03,11,14,Tuesday
20170315,2017-03-15,2017,Q1,3,Mar,2017-03,11,15,Wednesday
20170316,2017-03-16,2017,Q1,3,Mar,2017-03,11,16,Thursday
20170317,2017-03-17,2017,Q1,3,Mar,2017-03,11,17,Friday
20170318,2017-03-18,2017,Q1,3,Mar,2017-03,11,18,Saturday
20170319,2017-03-19,2017,Q1,3,Mar,2017-03,11,19,Sunday
20170320,2017-03-20,2017,Q1,3,Mar,2017-03,12,20,Monday
20170321,2017-03-21,2017,Q1,3,Mar,2017-03,12,21,Tuesday
20170322,2017-03-22,2017,Q1,3,Mar,2017-03,12,22,Wednesday
20170323,2017-03-23,2017,Q1,3,Mar,2017-03,12,23,Thursday
20170324,2017-03-24,2017,Q1,3,Mar,2017-03,12,24,Friday
20170325,2017-03-25,2017,Q1,3,Mar,2017-03,12,25,Saturday
20170326,2017-03-26,2017,Q1,3,Mar,2017-03,12,26,Sunday
20170327,2017-03-27,2017,Q1,3,Mar,2017-03,13,27,Monday
20170328,2017-03-28,2017,Q1,3,Mar,2017-03,13,28,Tuesday
20170329,2017-03-29,2017,Q1,3,Mar,2017-03,13,29,Wednesday
20170330,2017-03-30,2017,Q1,3,Mar,2017-03,13,30,Thursday
20170331,2017-03-31,2017,Q1,3,Mar,2017-03,13,31,Friday
20170401,2017-04-01,2017,Q2,4,Apr,2017-04,13,1,Saturday
20170402,2017-04-02,2017,Q2,4,Apr,2017-04,13,2,Sunday
20170403,2017-04-03,2017,Q2,4,Apr,2017-04,14,3,Monday
20170404,2017-04-04,2017,Q2,4,Apr,2017-04,14,4,Tuesday
20170405,2017-04-05,2017,Q2,4,Apr,2017-04,14,5,Wednesday
20170406,2017-04-06,2017,Q2,4,Apr,2017-04,14,6,Thursday
20170407,2017-04-07,2017,Q2,4,Apr,2017-04,14,7,Friday
20170408,2017-04-08,2017,Q2,4,Apr,2017-04,14,8,Saturday
20170409,2017-04-09,2017,Q2,4,Apr,2017-04,14,9,Sunday
20170410,2017-04-10,2017,Q2,4,Apr,2017-04,15,10,Monday
20170411,2017-04-11,2017,Q2,4,Apr,2017-04,15,11,Tuesday
20170412,2017-04-12,2017,Q2,4,Apr,2017-04,15,12,Wednesday
20170413,2017-04-13,2017,Q2,4,Apr,2017-04,15,13,Thursday
20170414,2017-04-14,2017,Q2,4,Apr,2017-04,15,14,Friday
20170415,2017-04-15,2017,Q2,4,Apr,2017-04,15,15,Saturday
20170416,2017-04-16,2017,Q2,4,Apr,2017-04,15,16,Sunday
20170417,2017-04-17,2017,Q2,4,Apr,2017-04,16,17,Monday
20170418,2017-04-18,2017,Q2,4,Apr,2017-04,16,18,Tuesday
20170419,2017-04-19,2017,Q2,4,Apr,2017-04,16,19,Wednesday
20170420,2017-04-20,2017,Q2,4,Apr,2017-04,16,20,Thursday
20170421,2017-04-21,2017,Q2,4,Apr,2017-04,16,21,Friday
20170422,2017-04-22,2017,Q2,4,Apr,2017-04,16,22,Saturday
20170423,2017-04-23,2017,Q2,4,Apr,2017-04,16,23,Sunday
20170424,2017-04-24,2017,Q2,4,Apr,2017-04,17,24,Monday
20170425,2017-04-25,2017,Q2,4,Apr,2017-04,17,25,Tuesday
20170426,2017-04-26,2017,Q2,4,Apr,2017-04,17,26,Wednesday
20170427,2017-04-27,2017,Q2,4,Apr,2017-04,17,27,Thursday
20170428,2017-04-28,2017,Q2,4,Apr,2017-04,17,28,Friday
20170429,2017-04-29,2017,Q2,4,Apr,2017-04,17,29,Saturday
20170430,2017-04-30,2017,Q2,4,Apr,2017-04,17,30,Sunday
20170501,2017-05-01,2017,Q2,5,May,2017-05,18,1,Monday
20170502,2017-05-02,2017,Q2,5,May,2017-05,18,2,Tuesday
20170503,2017-05-03,2017,Q2,5,May,2017-05,18,3,Wednesday
20170504,2017-05-04,2017,Q2,5,May,2017-05,18,4,Thursday
20170505,2017-05-05,2017,Q2,5,May,2017-05,18,5,Friday
20170506,2017-05-06,2017,Q2,5,May,2017-05,18,6,Saturday
20170507,2017-05-07,2017,Q2,5,May,2017-05,18,7,Sunday
20170508,2017-05-08,2017,Q2,5,May,2017-05,19,8,Monday
20170509,2017-05-09,2017,Q2,5,May,2017-05,19,9,Tuesday
20170510,2017-05-10,2017,Q2,5,May,2017-05,19,10,Wednesday
20170511,2017-05-11,2017,Q2,5,May,2017-05,19,11,Thursday
20170512,2017-05-12,2017,Q2,5,May,2017-05,19,12,Friday
20170513,2017-05-13,2017,Q2,5,May,2017-05,19,13,Saturday
20170514,2017-05-14,2017,Q2,5,May,2017-05,19,14,Sunday
20170515,2017-05-15,2017,Q2,5,May,2017-05,20,15,Monday
20170516,2017-05-16,2017,Q2,5,May,2017-05,20,16,Tuesday
20170517,2017-05-17,2017,Q2,5,May,2017-05,20,17,Wednesday
20170518,2017-05-18,2017,Q2,5,May,2017-05,20,18,Thursday
20170519,2017-05-19,2017,Q2,5,May,2017-05,20,19,Friday
20170520,2017-05-20,2017,Q2,5,May,2017-05,20,20,Saturday
20170521,2017-05-21,2017,Q2,5,May,2017-05,20,21,Sunday
20170522,2017-05-22,2017,Q2,5,May,2017-05,21,22,Monday
20170523,2017-05-23,2017,Q2,5,May,2017-05,21,23,Tuesday
20170524,2017-05-24,2017,Q2,5,May,2017-05,21,24,Wednesday
20170525,2017-05-25,2017,Q2,5,May,2017-05,21,25,Thursday
20170526,2017-05-26,2017,Q2,5,May,2017-05,21,26,Friday
20170527,2017-05-27,2017,Q2,5,May,2017-05,21,27,Saturday
20170528,2017-05-28,2017,Q2,5,May,2017-05,21,28,Sunday
20170529,2017-05-29,2017,Q2,5,May,2017-05,22,29,Monday
20170530,2017-05-30,2017,Q2,5,May,2017-05,22,30,Tuesday
20170531,2017-05-31,2017,Q2,5,May,2017-05,22,31,Wednesday
20170601,2017-06-01,2017,Q2,6,Jun,2017-06,22,1,Thursday
20170602,2017-06-02,2017,Q2,6,Jun,2017-06,22,2,Friday
20170603,2017-06-03,2017,Q2,6,Jun,2017-06,22,3,Saturday
20170604,2017-06-04,2017,Q2,6,Jun,2017-06,22,4,Sunday
20170605,2017-06-05,2017,Q2,6,Jun,2017-06,23,5,Monday
20170606,2017-06-06,2017,Q2,6,Jun,2017-06,23,6,Tuesday
20170607,2017-06-07,2017,Q2,6,Jun,2017-06,23,7,Wednesday
20170608,2017-06-08,2017,Q2,6,Jun,2017-06,23,8,Thursday
20170609,2017-06-09,2017,Q2,6,Jun,2017-06,23,9,Friday
20170610,2017-06-10,2017,Q2,6,Jun,2017-06,23,10,Saturday
20170611,2017-06-11,2017,Q2,6,Jun,2017-06,23,11,Sunday
20170612,2017-06-12,2017,Q2,6,Jun,2017-06,24,12,Monday
20170613,2017-06-13,2017,Q2,6,Jun,2017-06,24,13,Tuesday
20170614,2017-06-14,2017,Q2,6,Jun,2017-06,24,14,Wednesday
20170615,2017-06-15,2017,Q2,6,Jun,2017-06,24,15,Thursday
20170616,2017-06-16,2017,Q2,6,Jun,2017-06,24,16,Friday
20170617,2017-06-17,2017,Q2,6,Jun,2017-06,24,17,Saturday
20170618,2017-06-18,2017,Q2,6,Jun,2017-06,24,18,Sunday
20170619,2017-06-19,2017,Q2,6,Jun,2017-06,25,19,Monday
20170620,2017-06-20,2017,Q2,6,Jun,2017-06,25,20,Tuesday
20170621,2017-06-21,2017,Q2,6,Jun,2017-06,25,21,Wednesday
20170622,2017-06-22,2017,Q2,6,Jun,2017-06,25,22,Thursday
20170623,2017-06-23,2017,Q2,6,Jun,2017-06,25,23,Friday
20170624,2017-06-24,2017,Q2,6,Jun,2017-06,25,24,Saturday
20170625,2017-06-25,2017,Q2,6,Jun,2017-06,25,25,Sunday
20170626,2017-06-26,2017,Q2,6,Jun,2017-06,26,26,Monday
20170627,2017-06-27,2017,Q2,6,Jun,2017-06,26,27,Tuesday
20170628,2017-06-28,2017,Q2,6,Jun,2017-06,26,28,Wednesday
20170629,2017-06-29,2017,Q2,6,Jun,2017-06,26,29,Thursday
20170630,2017-06-30,2017,Q2,6,Jun,2017-06,26,30,Friday
20170701,2017-07-01,2017,Q3,7,Jul,2017-07,26,1,Saturday
20170702,2017-07-02,2017,Q3,7,Jul,2017-07,26,2,Sunday
20170703,2017-07-03,2017,Q3,7,Jul,2017-07,27,3,Monday
20170704,2017-07-04,2017,Q3,7,Jul,2017-07,27,4,Tuesday
20170705,2017-07-05,2017,Q3,7,Jul,2017-07,27,5,Wednesday
20170706,2017-07-06,2017,Q3,7,Jul,2017-07,27,6,Thursday
20170707,2017-07-07,2017,Q3,7,Jul,2017-07,27,7,Friday
20170708,2017-07-08,2017,Q3,7,Jul,2017-07,27,8,Saturday
20170709,2017-07-09,2017,Q3,7,Jul,2017-07,27,9,Sunday
20170710,2017-07-10,2017,Q3,7,Jul,2017-07,28,10,Monday
20170711,2017-07-11,2017,Q3,7,Jul,2017-07,28,11,Tuesday
20170712,2017-07-12,2017,Q3,7,Jul,2017-07,28,12,Wednesday
20170713,2017-07-13,2017,Q3,7,Jul,2017-07,28,13,Thursday
20170714,2017-07-14,2017,Q3,7,Jul,2017-07,28,14,Friday
20170715,2017-07-15,2017,Q3,7,Jul,2017-07,28,15,Saturday
20170716,2017-07-16,2017,Q3,7,Jul,2017-07,28,16,Sunday
20170717,2017-07-17,2017,Q3,7,Jul,2017-07,29,17,Monday
20170718,2017-07-18,2017,Q3,7,Jul,2017-07,29,18,Tuesday
20170719,2017-07-19,2017,Q3,7,Jul,2017-07,29,19,Wednesday
20170720,2017-07-20,2017,Q3,7,Jul,2017-07,29,20,Thursday
20170721,2017-07-21,2017,Q3,7,Jul,2017-07,29,21,Friday
20170722,2017-07-22,2017,Q3,7,Jul,2017-07,29,22,Saturday
20170723,2017-07-23,2017,Q3,7,Jul,2017-07,29,23,Sunday
20170724,2017-07-24,2017,Q3,7,Jul,2017-07,30,24,Monday
20170725,2017-07-25,2017,Q3,7,Jul,2017-07,30,25,Tuesday
20170726,2017-07-26,2017,Q3,7,Jul,2017-07,30,26,Wednesday
20170727,2017-07-27,2017,Q3,7,Jul,2017-07,30,27,Thursday
20170728,2017-07-28,2017,Q3,7,Jul,2017-07,30,28,Friday
20170729,2017-07-29,2017,Q3,7,Jul,2017-07,30,29,Saturday
20170730,2017-07-30,2017,Q3,7,Jul,2017-07,30,30,Sunday
20170731,2017-07-31,2017,Q3,7,Jul,2017-07,31,31,Monday
20170801,2017-08-01,2017,Q3,8,Aug,2017-08,31,1,Tuesday
20170802,2017-08-02,2017,Q3,8,Aug,2017-08,31,2,Wednesday
20170803,2017-08-03,2017,Q3,8,Aug,2017-08,31,3,Thursday
20170804,2017-08-04,2017,Q3,8,Aug,2017-08,31,4,Friday
20170805,2017-08-05,2017,Q3,8,Aug,2017-08,31,5,Saturday
20170806,2017-08-06,2017,Q3,8,Aug,2017-08,31,6,Sunday
20170807,2017-08-07,2017,Q3,8,Aug,2017-08,32,7,Monday
20170808,2017-08-08,2017,Q3,8,Aug,2017-08,32,8,Tuesday
20170809,2017-08-09,2017,Q3,8,Aug,2017-08,32,9,Wednesday
20170810,2017-08-10,2017,Q3,8,Aug,2017-08,32,10,Thursday
20170811,2017-08-11,2017,Q3,8,Aug,2017-08,32,11,Friday
20170812,2017-08-12,2017,Q3,8,Aug,2017-08,32,12,Saturday
20170813,2017-08-13,2017,Q3,8,Aug,2017-08,32,13,Sunday
20170814,2017-08-14,2017,Q3,8,Aug,2017-08,33,14,Monday
20170815,2017-08-15,2017,Q3,8,Aug,2017-08,33,15,Tuesday
20170816,2017-08-16,2017,Q3,8,Aug,2017-08,33,16,Wednesday
20170817,2017-08-17,2017,Q3,8,Aug,2017-08,33,17,Thursday
20170818,2017-08-18,2017,Q3,8,Aug,2017-08,33,18,Friday
20170819,2017-08-19,2017,Q3,8,Aug,2017-08,33,19,Saturday
20170820,2017-08-20,2017,Q3,8,Aug,2017-08,33,20,Sunday
20170821,2017-08-21,2017,Q3,8,Aug,2017-08,34,21,Monday
20170822,2017-08-22,2017,Q3,8,Aug,2017-08,34,22,Tuesday
20170823,2017-08-23,2017,Q3,8,Aug,2017-08,34,23,Wednesday
20170824,2017-08-24,2017,Q3,8,Aug,2017-08,34,24,Thursday
20170825,2017-08-25,2017,Q3,8,Aug,2017-08,34,25,Friday
20170826,2017-08-26,2017,Q3,8,Aug,2017-08,34,26,Saturday
20170827,2017-08-27,2017,Q3,8,Aug,2017-08,34,27,Sunday
20170828,2017-08-28,2017,Q3,8,Aug,2017-08,35,28,Monday
20170829,2017-08-29,2017,Q3,8,Aug,2017-08,35,29,Tuesday
20170830,2017-08-30,2017,Q3,8,Aug,2017-08,35,30,Wednesday
20170831,2017-08-31,2017,Q3,8,Aug,2017-08,35,31,Thursday
20170901,2017-09-01,2017,Q3,9,Sep,2017-09,35,1,Friday
20170902,2017-09-02,2017,Q3,9,Sep,2017-09,35,2,Saturday
20170903,2017-09-03,2017,Q3,9,Sep,2017-09,35,3,Sunday
20170904,2017-09-04,2017,Q3,9,Sep,2017-09,36,4,Monday
20170905,2017-09-05,2017,Q3,9,Sep,2017-09,36,5,Tuesday
20170906,2017-09-06,2017,Q3,9,Sep,2017-09,36,6,Wednesday
20170907,2017-09-07,2017,Q3,9,Sep,2017-09,36,7,Thursday
20170908,2017-09-08,2017,Q3,9,Sep,2017-09,36,8,Friday
20170909,2017-09-09,2017,Q3,9,Sep,2017-09,36,9,Saturday
20170910,2017-09-10,2017,Q3,9,Sep,2017-09,36,10,Sunday
20170911,2017-09-11,2017,Q3,9,Sep,2017-09,37,11,Monday
20170912,2017-09-12,2017,Q3,9,Sep,2017-09,37,12,Tuesday
20170913,2017-09-13,2017,Q3,9,Sep,2017-09,37,13,Wednesday
20170914,2017-09-14,2017,Q3,9,Sep,2017-09,37,14,Thursday
20170915,2017-09-15,2017,Q3,9,Sep,2017-09,37,15,Friday
20170916,2017-09-16,2017,Q3,9,Sep,2017-09,37,16,Saturday
20170917,2017-09-17,2017,Q3,9,Sep,2017-09,37,17,Sunday
20170918,2017-09-18,2017,Q3,9,Sep,2017-09,38,18,Monday
20170919,2017-09-19,2017,Q3,9,Sep,2017-09,38,19,Tuesday
20170920,2017-09-20,2017,Q3,9,Sep,2017-09,38,20,Wednesday
20170921,2017-09-21,2017,Q3,9,Sep,2017-09,38,21,Thursday
20170922,2017-09-22,2017,Q3,9,Sep,2017-09,38,22,Friday
20170923,2017-09-23,2017,Q3,9,Sep,2017-09,38,23,Saturday
20170924,2017-09-24,2017,Q3,9,Sep,2017-09,38,24,Sunday
20170925,2017-09-25,2017,Q3,9,Sep,2017-09,39,25,Monday
20170926,2017-09-26,2017,Q3,9,Sep,2017-09,39,26,Tuesday
20170927,2017-09-27,2017,Q3,9,Sep,2017-09,39,27,Wednesday
20170928,2017-09-28,2017,Q3,9,Sep,2017-09,39,28,Thursday
20170929,2017-09-29,2017,Q3,9,Sep,2017-09,39,29,Friday
20170930,2017-09-30,2017,Q3,9,Sep,2017-09,39,30,Saturday
20171001,2017-10-01,2017,Q4,10,Oct,2017-10,39,1,Sunday
20171002,2017-10-02,2017,Q4,10,Oct,2017-10,40,2,Monday
20171003,2017-10-03,2017,Q4,10,Oct,2017-10,40,3,Tuesday
20171004,2017-10-04,2017,Q4,10,Oct,2017-10,40,4,Wednesday
20171005,2017-10-05,2017,Q4,10,Oct,2017-10,40,5,Thursday
20171006,2017-10-06,2017,Q4,10,Oct,2017-10,40,6,Friday
20171007,2017-10-07,2017,Q4,10,Oct,2017-10,40,7,Saturday
20171008,2017-10-08,2017,Q4,10,Oct,2017-10,40,8,Sunday
20171009,2017-10-09,2017,Q4,10,Oct,2017-10,41,9,Monday
20171010,2017-10-10,2017,Q4,10,Oct,2017-10,41,10,Tuesday
20171011,2017-10-11,2017,Q4,10,Oct,2017-10,41,11,Wednesday
20171012,2017-10-12,2017,Q4,10,Oct,2017-10,41,12,Thursday
20171013,2017-10-13,2017,Q4,10,Oct,2017-10,41,13,Friday
20171014,2017-10-14,2017,Q4,10,Oct,2017-10,41,14,Saturday
20171015,2017-10-15,2017,Q4,10,Oct,2017-10,41,15,Sunday
20171016,2017-10-16,2017,Q4,10,Oct,2017-10,42,16,Monday
20171017,2017-10-17,2017,Q4,10,Oct,2017-10,42,17,Tuesday
20171018,2017-10-18,2017,Q4,10,Oct,2017-10,42,18,Wednesday
20171019,2017-10-19,2017,Q4,10,Oct,2017-10,42,19,Thursday
20171020,2017-10-20,2017,Q4,10,Oct,2017-10,42,20,Friday
20171021,2017-10-21,2017,Q4,10,Oct,2017-10,42,21,Saturday
20171022,2017-10-22,2017,Q4,10,Oct,2017-10,42,22,Sunday
20171023,2017-10-23,2017,Q4,10,Oct,2017-10,43,23,Monday
20171024,2017-10-24,2017,Q4,10,Oct,2017-10,43,24,Tuesday
20171025,2017-10-25,2017,Q4,10,Oct,2017-10,43,25,Wednesday
20171026,2017-10-26,2017,Q4,10,Oct,2017-10,43,26,Thursday
20171027,2017-10-27,2017,Q4,10,Oct,2017-10,43,27,Friday
20171028,2017-10-28,2017,Q4,10,Oct,2017-10,43,28,Saturday
20171029,2017-10-29,2017,Q4,10,Oct,2017-10,43,29,Sunday
20171030,2017-10-30,2017,Q4,10,Oct,2017-10,44,30,Monday
20171031,2017-10-31,2017,Q4,10,Oct,2017-10,44,31,Tuesday
20171101,2017-11-01,2017,Q4,11,Nov,2017-11,44,1,Wednesday
20171102,2017-11-02,2017,Q4,11,Nov,2017-11,44,2,Thursday
20171103,2017-11-03,2017,Q4,11,Nov,2017-11,44,3,Friday
20171104,2017-11-04,2017,Q4,11,Nov,2017-11,44,4,Saturday
20171105,2017-11-05,2017,Q4,11,Nov,2017-11,44,5,Sunday
20171106,2017-11-06,2017,Q4,11,Nov,2017-11,45,6,Monday
20171107,2017-11-07,2017,Q4,11,Nov,2017-11,45,7,Tuesday
20171108,2017-11-08,2017,Q4,11,Nov,2017-11,45,8,Wednesday
20171109,2017-11-09,2017,Q4,11,Nov,2017-11,45,9,Thursday
20171110,2017-11-10,2017,Q4,11,Nov,2017-11,45,10,Friday
20171111,2017-11-11,2017,Q4,11,Nov,2017-11,45,11,Saturday
20171112,2017-11-12,2017,Q4,11,Nov,2017-11,45,12,Sunday
20171113,2017-11-13,2017,Q4,11,Nov,2017-11,46,13,Monday
20171114,2017-11-14,2017,Q4,11,Nov,2017-11,46,14,Tuesday
20171115,2017-11-15,2017,Q4,11,Nov,2017-11,46,15,Wednesday
20171116,2017-11-16,2017,Q4,11,Nov,2017-11,46,16,Thursday
20171117,2017-11-17,2017,Q4,11,Nov,2017-11,46,17,Friday
20171118,2017-11-18,2017,Q4,11,Nov,2017-11,46,18,Saturday
20171119,2017-11-19,2017,Q4,11,Nov,2017-11,46,19,Sunday
20171120,2017-11-20,2017,Q4,11,Nov,2017-11,47,20,Monday
20171121,2017-11-21,2017,Q4,11,Nov,2017-11,47,21,Tuesday
20171122,2017-11-22,2017,Q4,11,Nov,2017-11,47,22,Wednesday
20171123,2017-11-23,2017,Q4,11,Nov,2017-11,47,23,Thursday
20171124,2017-11-24,2017,Q4,11,Nov,2017-11,47,24,Friday
20171125,2017-11-25,2017,Q4,11,Nov,2017-11,47,25,Saturday
20171126,2017-11-26,2017,Q4,11,Nov,2017-11,47,26,Sunday
20171127,2017-11-27,2017,Q4,11,Nov,2017-11,48,27,Monday
20171128,2017-11-28,2017,Q4,11,Nov,2017-11,48,28,Tuesday
20171129,2017-11-29,2017,Q4,11,Nov,2017-11,48,29,Wednesday
20171130,2017-11-30,2017,Q4,11,Nov,2017-11,48,30,Thursday
20171201,2017-12-01,2017,Q4,12,Dec,2017-12,48,1,Friday
20171202,2017-12-02,2017,Q4,12,Dec,2017-12,48,2,Saturday
20171203,2017-12-03,2017,Q4,12,Dec,2017-12,48,3,Sunday
20171204,2017-12-04,2017,Q4,12,Dec,2017-12,49,4,Monday
20171205,2017-12-05,2017,Q4,12,Dec,2017-12,49,5,Tuesday
20171206,2017-12-06,2017,Q4,12,Dec,2017-12,49,6,Wednesday
20171207,2017-12-07,2017,Q4,12,Dec,2017-12,49,7,Thursday
20171208,2017-12-08,2017,Q4,12,Dec,2017-12,49,8,Friday
20171209,2017-12-09,2017,Q4,12,Dec,2017-12,49,9,Saturday
20171210,2017-12-10,2017,Q4,12,Dec,2017-12,49,10,Sunday
20171211,2017-12-11,2017,Q4,12,Dec,2017-12,50,11,Monday
20171212,2017-12-12,2017,Q4,12,Dec,2017-12,50,12,Tuesday
20171213,2017-12-13,2017,Q4,12,Dec,2017-12,50,13,Wednesday
20171214,2017-12-14,2017,Q4,12,Dec,2017-12,50,14,Thursday
20171215,2017-12-15,2017,Q4,12,Dec,2017-12,50,15,Friday
20171216,2017-12-16,2017,Q4,12,Dec,2017-12,50,16,Saturday
20171217,2017-12-17,2017,Q4,12,Dec,2017-12,50,17,Sunday
20171218,2017-12-18,2017,Q4,12,Dec,2017-12,51,18,Monday
20171219,2017-12-19,2017,Q4,12,Dec,2017-12,51,19,Tuesday
20171220,2017-12-20,2017,Q4,12,Dec,2017-12,51,20,Wednesday
20171221,2017-12-21,2017,Q4,12,Dec,2017-12,51,21,Thursday
20171222,2017-12-22,2017,Q4,12,Dec,2017-12,51,22,Friday
20171223,2017-12-23,2017,Q4,12,Dec,2017-12,51,23,Saturday
20171224,2017-12-24,2017,Q4,12,Dec,2017-12,51,24,Sunday
20171225,2017-12-25,2017,Q4,12,Dec,2017-12,52,25,Monday
20171226,2017-12-26,2017,Q4,12,Dec,2017-12,52,26,Tuesday
20171227,2017-12-27,2017,Q4,12,Dec,2017-12,52,27,Wednesday
20171228,2017-12-28,2017,Q4,12,Dec,2017-12,52,28,Thursday
20171229,2017-12-29,2017,Q4,12,Dec,2017-12,52,29,Friday
20171230,2017-12-30,2017,Q4,12,Dec,2017-12,52,30,Saturday
20171231,2017-12-31,2017,Q4,12,Dec,2017-12,52,31,Sunday
20180101,2018-01-01,2018,Q1,1,Jan,2018-01,1,1,Monday
20180102,2018-01-02,2018,Q1,1,Jan,2018-01,1,2,Tuesday
20180103,2018-01-03,2018,Q1,1,Jan,2018-01,1,3,Wednesday
20180104,2018-01-04,2018,Q1,1,Jan,2018-01,1,4,Thursday
20180105,2018-01-05,2018,Q1,1,Jan,2018-01,1,5,Friday
20180106,2018-01-06,2018,Q1,1,Jan,2018-01,1,6,Saturday
20180107,2018-01-07,2018,Q1,1,Jan,2018-01,1,7,Sunday
20180108,2018-01-08,2018,Q1,1,Jan,2018-01,2,8,Monday
20180109,2018-01-09,2018,Q1,1,Jan,2018-01,2,9,Tuesday
20180110,2018-01-10,2018,Q1,1,Jan,2018-01,2,10,Wednesday
20180111,2018-01-11,2018,Q1,1,Jan,2018-01,2,11,Thursday
20180112,2018-01-12,2018,Q1,1,Jan,2018-01,2,12,Friday
20180113,2018-01-13,2018,Q1,1,Jan,2018-01,2,13,Saturday
20180114,2018-01-14,2018,Q1,1,Jan,2018-01,2,14,Sunday
20180115,2018-01-15,2018,Q1,1,Jan,2018-01,3,15,Monday
20180116,2018-01-16,2018,Q1,1,Jan,2018-01,3,16,Tuesday
20180117,2018-01-17,2018,Q1,1,Jan,2018-01,3,17,Wednesday
20180118,2018-01-18,2018,Q1,1,Jan,2018-01,3,18,Thursday
20180119,2018-01-19,2018,Q1,1,Jan,2018-01,3,19,Friday
20180120,2018-01-20,2018,Q1,1,Jan,2018-01,3,20,Saturday
20180121,2018-01-21,2018,Q1,1,Jan,2018-01,3,21,Sunday
20180122,2018-01-22,2018,Q1,1,Jan,2018-01,4,22,Monday
20180123,2018-01-23,2018,Q1,1,Jan,2018-01,4,23,Tuesday
20180124,2018-01-24,2018,Q1,1,Jan,2018-01,4,24,Wednesday
20180125,2018-01-25,2018,Q1,1,Jan,2018-01,4,25,Thursday
20180126,2018-01-26,2018,Q1,1,Jan,2018-01,4,26,Friday
20180127,2018-01-27,2018,Q1,1,Jan,2018-01,4,27,Saturday
20180128,2018-01-28,2018,Q1,1,Jan,2018-01,4,28,Sunday
20180129,2018-01-29,2018,Q1,1,Jan,2018-01,5,29,Monday
20180130,2018-01-30,2018,Q1,1,Jan,2018-01,5,30,Tuesday
20180131,2018-01-31,2018,Q1,1,Jan,2018-01,5,31,Wednesday
20180201,2018-02-01,2018,Q1,2,Feb,2018-02,5,1,Thursday
20180202,2018-02-02,2018,Q1,2,Feb,2018-02,5,2,Friday
20180203,2018-02-03,2018,Q1,2,Feb,2018-02,5,3,Saturday
20180204,2018-02-04,2018,Q1,2,Feb,2018-02,5,4,Sunday
20180205,2018-02-05,2018,Q1,2,Feb,2018-02,6,5,Monday
20180206,2018-02-06,2018,Q1,2,Feb,2018-02,6,6,Tuesday
20180207,2018-02-07,2018,Q1,2,Feb,2018-02,6,7,Wednesday
20180208,2018-02-08,2018,Q1,2,Feb,2018-02,6,8,Thursday
20180209,2018-02-09,2018,Q1,2,Feb,2018-02,6,9,Friday
20180210,2018-02-10,2018,Q1,2,Feb,2018-02,6,10,Saturday
20180211,2018-02-11,2018,Q1,2,Feb,2018-02,6,11,Sunday
20180212,2018-02-12,2018,Q1,2,Feb,2018-02,7,12,Monday
20180213,2018-02-13,2018,Q1,2,Feb,2018-02,7,13,Tuesday
20180214,2018-02-14,2018,Q1,2,Feb,2018-02,7,14,Wednesday
20180215,2018-02-15,2018,Q1,2,Feb,2018-02,7,15,Thursday
20180216,2018-02-16,2018,Q1,2,Feb,2018-02,7,16,Friday
20180217,2018-02-17,2018,Q1,2,Feb,2018-02,7,17,Saturday
20180218,2018-02-18,2018,Q1,2,Feb,2018-02,7,18,Sunday
20180219,2018-02-19,2018,Q1,2,Feb,2018-02,8,19,Monday
20180220,2018-02-20,2018,Q1,2,Feb,2018-02,8,20,Tuesday
20180221,2018-02-21,2018,Q1,2,Feb,2018-02,8,21,Wednesday
20180222,2018-02-22,2018,Q1,2,Feb,2018-02,8,22,Thursday
20180223,2018-02-23,2018,Q1,2,Feb,2018-02,8,23,Friday
20180224,2018-02-24,2018,Q1,2,Feb,2018-02,8,24,Saturday
20180225,2018-02-25,2018,Q1,2,Feb,2018-02,8,25,Sunday
20180226,2018-02-26,2018,Q1,2,Feb,2018-02,9,26,Monday
20180227,2018-02-27,2018,Q1,2,Feb,2018-02,9,27,Tuesday
20180228,2018-02-28,2018,Q1,2,Feb,2018-02,9,28,Wednesday
20180301,2018-03-01,2018,Q1,3,Mar,2018-03,9,1,Thursday
20180302,2018-03-02,2018,Q1,3,Mar,2018-03,9,2,Friday
20180303,2018-03-03,2018,Q1,3,Mar,2018-03,9,3,Saturday
20180304,2018-03-04,2018,Q1,3,Mar,2018-03,9,4,Sunday
20180305,2018-03-05,2018,Q1,3,Mar,2018-03,10,5,Monday
20180306,2018-03-06,2018,Q1,3,Mar,2018-03,10,6,Tuesday
20180307,2018-03-07,2018,Q1,3,Mar,2018-03,10,7,Wednesday
20180308,2018-03-08,2018,Q1,3,Mar,2018-03,10,8,Thursday
20180309,2018-03-09,2018,Q1,3,Mar,2018-03,10,9,Friday
20180310,2018-03-10,2018,Q1,3,Mar,2018-03,10,10,Saturday
20180311,2018-03-11,2018,Q1,3,Mar,2018-03,10,11,Sunday
20180312,2018-03-12,2018,Q1,3,Mar,2018-03,11,12,Monday
20180313,2018-03-13,2018,Q1,3,Mar,2018-03,11,13,Tuesday
20180314,2018-03-14,2018,Q1,3,Mar,2018-03,11,14,Wednesday
20180315,2018-03-15,2018,Q1,3,Mar,2018-03,11,15,Thursday
20180316,2018-03-16,2018,Q1,3,Mar,2018-03,11,16,Friday
20180317,2018-03-17,2018,Q1,3,Mar,2018-03,11,17,Saturday
20180318,2018-03-18,2018,Q1,3,Mar,2018-03,11,18,Sunday
20180319,2018-03-19,2018,Q1,3,Mar,2018-03,12,19,Monday
20180320,2018-03-20,2018,Q1,3,Mar,2018-03,12,20,Tuesday
20180321,2018-03-21,2018,Q1,3,Mar,2018-03,12,21,Wednesday
20180322,2018-03-22,2018,Q1,3,Mar,2018-03,12,22,Thursday
20180323,2018-03-23,2018,Q1,3,Mar,2018-03,12,23,Friday
20180324,2018-03-24,2018,Q1,3,Mar,2018-03,12,24,Saturday
20180325,2018-03-25,2018,Q1,3,Mar,2018-03,12,25,Sunday
20180326,2018-03-26,2018,Q1,3,Mar,2018-03,13,26,Monday
20180327,2018-03-27,2018,Q1,3,Mar,2018-03,13,27,Tuesday
20180328,2018-03-28,2018,Q1,3,Mar,2018-03,13,28,Wednesday
20180329,2018-03-29,2018,Q1,3,Mar,2018-03,13,29,Thursday
20180330,2018-03-30,2018,Q1,3,Mar,2018-03,13,30,Friday
20180331,2018-03-31,2018,Q1,3,Mar,2018-03,13,31,Saturday
20180401,2018-04-01,2018,Q2,4,Apr,2018-04,13,1,Sunday
20180402,2018-04-02,2018,Q2,4,Apr,2018-04,14,2,Monday
20180403,2018-04-03,2018,Q2,4,Apr,2018-04,14,3,Tuesday
20180404,2018-04-04,2018,Q2,4,Apr,2018-04,14,4,Wednesday
20180405,2018-04-05,2018,Q2,4,Apr,2018-04,14,5,Thursday
20180406,2018-04-06,2018,Q2,4,Apr,2018-04,14,6,Friday
20180407,2018-04-07,2018,Q2,4,Apr,2018-04,14,7,Saturday
20180408,2018-04-08,2018,Q2,4,Apr,2018-04,14,8,Sunday
20180409,2018-04-09,2018,Q2,4,Apr,2018-04,15,9,Monday
20180410,2018-04-10,2018,Q2,4,Apr,2018-04,15,10,Tuesday
20180411,2018-04-11,2018,Q2,4,Apr,2018-04,15,11,Wednesday
20180412,2018-04-12,2018,Q2,4,Apr,2018-04,15,12,Thursday
20180413,2018-04-13,2018,Q2,4,Apr,2018-04,15,13,Friday
20180414,2018-04-14,2018,Q2,4,Apr,2018-04,15,14,Saturday
20180415,2018-04-15,2018,Q2,4,Apr,2018-04,15,15,Sunday
20180416,2018-04-16,2018,Q2,4,Apr,2018-04,16,16,Monday
20180417,2018-04-17,2018,Q2,4,Apr,2018-04,16,17,Tuesday
20180418,2018-04-18,2018,Q2,4,Apr,2018-04,16,18,Wednesday
20180419,2018-04-19,2018,Q2,4,Apr,2018-04,16,19,Thursday
20180420,2018-04-20,2018,Q2,4,Apr,2018-04,16,20,Friday
20180421,2018-04-21,2018,Q2,4,Apr,2018-04,16,21,Saturday
20180422,2018-04-22,2018,Q2,4,Apr,2018-04,16,22,Sunday
20180423,2018-04-23,2018,Q2,4,Apr,2018-04,17,23,Monday
20180424,2018-04-24,2018,Q2,4,Apr,2018-04,17,24,Tuesday
20180425,2018-04-25,2018,Q2,4,Apr,2018-04,17,25,Wednesday
20180426,2018-04-26,2018,Q2,4,Apr,2018-04,17,26,Thursday
20180427,2018-04-27,2018,Q2,4,Apr,2018-04,17,27,Friday
20180428,2018-04-28,2018,Q2,4,Apr,2018-04,17,28,Saturday
20180429,2018-04-29,2018,Q2,4,Apr,2018-04,17,29,Sunday
20180430,2018-04-30,2018,Q2,4,Apr,2018-04,18,30,Monday
20180501,2018-05-01,2018,Q2,5,May,2018-05,18,1,Tuesday
20180502,2018-05-02,2018,Q2,5,May,2018-05,18,2,Wednesday
20180503,2018-05-03,2018,Q2,5,May,2018-05,18,3,Thursday
20180504,2018-05-04,2018,Q2,5,May,2018-05,18,4,Friday
20180505,2018-05-05,2018,Q2,5,May,2018-05,18,5,Saturday
20180506,2018-05-06,2018,Q2,5,May,2018-05,18,6,Sunday
20180507,2018-05-07,2018,Q2,5,May,2018-05,19,7,Monday
20180508,2018-05-08,2018,Q2,5,May,2018-05,19,8,Tuesday
20180509,2018-05-09,2018,Q2,5,May,2018-05,19,9,Wednesday
20180510,2018-05-10,2018,Q2,5,May,2018-05,19,10,Thursday
20180511,2018-05-11,2018,Q2,5,May,2018-05,19,11,Friday
20180512,2018-05-12,2018,Q2,5,May,2018-05,19,12,Saturday
20180513,2018-05-13,2018,Q2,5,May,2018-05,19,13,Sunday
20180514,2018-05-14,2018,Q2,5,May,2018-05,20,14,Monday
20180515,2018-05-15,2018,Q2,5,May,2018-05,20,15,Tuesday
20180516,2018-05-16,2018,Q2,5,May,2018-05,20,16,Wednesday
20180517,2018-05-17,2018,Q2,5,May,2018-05,20,17,Thursday
20180518,2018-05-18,2018,Q2,5,May,2018-05,20,18,Friday
20180519,2018-05-19,2018,Q2,5,May,2018-05,20,19,Saturday
20180520,2018-05-20,2018,Q2,5,May,2018-05,20,20,Sunday
20180521,2018-05-21,2018,Q2,5,May,2018-05,21,21,Monday
20180522,2018-05-22,2018,Q2,5,May,2018-05,21,22,Tuesday
20180523,2018-05-23,2018,Q2,5,May,2018-05,21,23,Wednesday
20180524,2018-05-24,2018,Q2,5,May,2018-05,21,24,Thursday
20180525,2018-05-25,2018,Q2,5,May,2018-05,21,25,Friday
20180526,2018-05-26,2018,Q2,5,May,2018-05,21,26,Saturday
20180527,2018-05-27,2018,Q2,5,May,2018-05,21,27,Sunday
20180528,2018-05-28,2018,Q2,5,May,2018-05,22,28,Monday
20180529,2018-05-29,2018,Q2,5,May,2018-05,22,29,Tuesday
20180530,2018-05-30,2018,Q2,5,May,2018-05,22,30,Wednesday
20180531,2018-05-31,2018,Q2,5,May,2018-05,22,31,Thursday
20180601,2018-06-01,2018,Q2,6,Jun,2018-06,22,1,Friday
20180602,2018-06-02,2018,Q2,6,Jun,2018-06,22,2,Saturday
20180603,2018-06-03,2018,Q2,6,Jun,2018-06,22,3,Sunday
20180604,2018-06-04,2018,Q2,6,Jun,2018-06,23,4,Monday
20180605,2018-06-05,2018,Q2,6,Jun,2018-06,23,5,Tuesday
20180606,2018-06-06,2018,Q2,6,Jun,2018-06,23,6,Wednesday
20180607,2018-06-07,2018,Q2,6,Jun,2018-06,23,7,Thursday
20180608,2018-06-08,2018,Q2,6,Jun,2018-06,23,8,Friday
20180609,2018-06-09,2018,Q2,6,Jun,2018-06,23,9,Saturday
20180610,2018-06-10,2018,Q2,6,Jun,2018-06,23,10,Sunday
20180611,2018-06-11,2018,Q2,6,Jun,2018-06,24,11,Monday
20180612,2018-06-12,2018,Q2,6,Jun,2018-06,24,12,Tuesday
20180613,2018-06-13,2018,Q2,6,Jun,2018-06,24,13,Wednesday
20180614,2018-06-14,2018,Q2,6,Jun,2018-06,24,14,Thursday
20180615,2018-06-15,2018,Q2,6,Jun,2018-06,24,15,Friday
20180616,2018-06-16,2018,Q2,6,Jun,2018-06,24,16,Saturday
20180617,2018-06-17,2018,Q2,6,Jun,2018-06,24,17,Sunday
20180618,2018-06-18,2018,Q2,6,Jun,2018-06,25,18,Monday
20180619,2018-06-19,2018,Q2,6,Jun,2018-06,25,19,Tuesday
20180620,2018-06-20,2018,Q2,6,Jun,2018-06,25,20,Wednesday
20180621,2018-06-21,2018,Q2,6,Jun,2018-06,25,21,Thursday
20180622,2018-06-22,2018,Q2,6,Jun,2018-06,25,22,Friday
20180623,2018-06-23,2018,Q2,6,Jun,2018-06,25,23,Saturday
20180624,2018-06-24,2018,Q2,6,Jun,2018-06,25,24,Sunday
20180625,2018-06-25,2018,Q2,6,Jun,2018-06,26,25,Monday
20180626,2018-06-26,2018,Q2,6,Jun,2018-06,26,26,Tuesday
20180627,2018-06-27,2018,Q2,6,Jun,2018-06,26,27,Wednesday
20180628,2018-06-28,2018,Q2,6,Jun,2018-06,26,28,Thursday
20180629,2018-06-29,2018,Q2,6,Jun,2018-06,26,29,Friday
20180630,2018-06-30,2018,Q2,6,Jun,2018-06,26,30,Saturday
20180701,2018-07-01,2018,Q3,7,Jul,2018-07,26,1,Sunday
20180702,2018-07-02,2018,Q3,7,Jul,2018-07,27,2,Monday
20180703,2018-07-03,2018,Q3,7,Jul,2018-07,27,3,Tuesday
20180704,2018-07-04,2018,Q3,7,Jul,2018-07,27,4,Wednesday
20180705,2018-07-05,2018,Q3,7,Jul,2018-07,27,5,Thursday
20180706,2018-07-06,2018,Q3,7,Jul,2018-07,27,6,Friday
20180707,2018-07-07,2018,Q3,7,Jul,2018-07,27,7,Saturday
20180708,2018-07-08,2018,Q3,7,Jul,2018-07,27,8,Sunday
20180709,2018-07-09,2018,Q3,7,Jul,2018-07,28,9,Monday
20180710,2018-07-10,2018,Q3,7,Jul,2018-07,28,10,Tuesday
20180711,2018-07-11,2018,Q3,7,Jul,2018-07,28,11,Wednesday
20180712,2018-07-12,2018,Q3,7,Jul,2018-07,28,12,Thursday
20180713,2018-07-13,2018,Q3,7,Jul,2018-07,28,13,Friday
20180714,2018-07-14,2018,Q3,7,Jul,2018-07,28,14,Saturday
20180715,2018-07-15,2018,Q3,7,Jul,2018-07,28,15,Sunday
20180716,2018-07-16,2018,Q3,7,Jul,2018-07,29,16,Monday
20180717,2018-07-17,2018,Q3,7,Jul,2018-07,29,17,Tuesday
20180718,2018-07-18,2018,Q3,7,Jul,2018-07,29,18,Wednesday
20180719,2018-07-19,2018,Q3,7,Jul,2018-07,29,19,Thursday
20180720,2018-07-20,2018,Q3,7,Jul,2018-07,29,20,Friday
20180721,2018-07-21,2018,Q3,7,Jul,2018-07,29,21,Saturday
20180722,2018-07-22,2018,Q3,7,Jul,2018-07,29,22,Sunday
20180723,2018-07-23,2018,Q3,7,Jul,2018-07,30,23,Monday
20180724,2018-07-24,2018,Q3,7,Jul,2018-07,30,24,Tuesday
20180725,2018-07-25,2018,Q3,7,Jul,2018-07,30,25,Wednesday
20180726,2018-07-26,2018,Q3,7,Jul,2018-07,30,26,Thursday
20180727,2018-07-27,2018,Q3,7,Jul,2018-07,30,27,Friday
20180728,2018-07-28,2018,Q3,7,Jul,2018-07,30,28,Saturday
20180729,2018-07-29,2018,Q3,7,Jul,2018-07,30,29,Sunday
20180730,2018-07-30,2018,Q3,7,Jul,2018-07,31,30,Monday
20180731,2018-07-31,2018,Q3,7,Jul,2018-07,31,31,Tuesday
20180801,2018-08-01,2018,Q3,8,Aug,2018-08,31,1,Wednesday
20180802,2018-08-02,2018,Q3,8,Aug,2018-08,31,2,Thursday
20180803,2018-08-03,2018,Q3,8,Aug,2018-08,31,3,Friday
20180804,2018-08-04,2018,Q3,8,Aug,2018-08,31,4,Saturday
20180805,2018-08-05,2018,Q3,8,Aug,2018-08,31,5,Sunday
20180806,2018-08-06,2018,Q3,8,Aug,2018-08,32,6,Monday
20180807,2018-08-07,2018,Q3,8,Aug,2018-08,32,7,Tuesday
20180808,2018-08-08,2018,Q3,8,Aug,2018-08,32,8,Wednesday
20180809,2018-08-09,2018,Q3,8,Aug,2018-08,32,9,Thursday
20180810,2018-08-10,2018,Q3,8,Aug,2018-08,32,10,Friday
20180811,2018-08-11,2018,Q3,8,Aug,2018-08,32,11,Saturday
20180812,2018-08-12,2018,Q3,8,Aug,2018-08,32,12,Sunday
20180813,2018-08-13,2018,Q3,8,Aug,2018-08,33,13,Monday
20180814,2018-08-14,2018,Q3,8,Aug,2018-08,33,14,Tuesday
20180815,2018-08-15,2018,Q3,8,Aug,2018-08,33,15,Wednesday
20180816,2018-08-16,2018,Q3,8,Aug,2018-08,33,16,Thursday
20180817,2018-08-17,2018,Q3,8,Aug,2018-08,33,17,Friday
20180818,2018-08-18,2018,Q3,8,Aug,2018-08,33,18,Saturday
20180819,2018-08-19,2018,Q3,8,Aug,2018-08,33,19,Sunday
20180820,2018-08-20,2018,Q3,8,Aug,2018-08,34,20,Monday
20180821,2018-08-21,2018,Q3,8,Aug,2018-08,34,21,Tuesday
20180822,2018-08-22,2018,Q3,8,Aug,2018-08,34,22,Wednesday
20180823,2018-08-23,2018,Q3,8,Aug,2018-08,34,23,Thursday
20180824,2018-08-24,2018,Q3,8,Aug,2018-08,34,24,Friday
20180825,2018-08-25,2018,Q3,8,Aug,2018-08,34,25,Saturday
20180826,2018-08-26,2018,Q3,8,Aug,2018-08,34,26,Sunday
20180827,2018-08-27,2018,Q3,8,Aug,2018-08,35,27,Monday
20180828,2018-08-28,2018,Q3,8,Aug,2018-08,35,28,Tuesday
20180829,2018-08-29,2018,Q3,8,Aug,2018-08,35,29,Wednesday
20180903,2018-09-03,2018,Q3,9,Sep,2018-09,36,3,Monday
