order_year,order_month,customer_state,orders,items,active_sellers,revenue,avg_ticket,delayed_rate,avg_delivery_time_days,avg_review_score
2016,9,RR,1,2,1,136.23,68.115,0.0,,1.0
2016,9,RS,1,1,1,75.06,75.06,0.0,,1.0
2016,9,SP,1,3,1,143.46,47.82,1.0,54.81319444444444,1.0
2016,10,AL,2,2,2,129.89999999999998,64.94999999999999,0.0,33.0643287037037,2.5
2016,10,BA,4,4,4,995.3399999999999,248.83499999999998,0.0,20.779996141975307,3.5
2016,10,CE,7,7,6,1949.78,278.54,0.0,27.2327449845679,4.833333333333333
2016,10,DF,6,8,6,1200.11,150.01375,0.0,23.769296875,2.875
2016,10,ES,4,4,4,1067.14,266.785,0.0,24.800779320987655,3.25
2016,10,GO,8,8,6,1154.67,144.33375,0.0,14.137180886243387,4.5
2016,10,MA,4,9,4,998.85,110.98333333333333,0.1111111111111111,24.238535236625513,4.875
2016,10,MG,40,48,33,5620.55,117.09479166666667,0.0,19.911943850902187,3.297872340425532
2016,10,MT,2,3,2,502.63,167.54333333333332,0.0,7.024340277777778,3.6666666666666665
2016,10,PA,4,6,4,1283.09,213.84833333333333,0.0,29.077555941358025,3.8333333333333335
2016,10,PB,1,1,1,74.74,74.74,0.0,37.719479166666666,5.0
2016,10,PE,7,7,7,1688.49,241.21285714285713,0.0,18.03738811728395,4.428571428571429
2016,10,PI,1,1,1,246.09,246.09,0.0,27.18378472222222,4.0
2016,10,PR,19,29,17,2475.1,85.34827586206896,0.0,15.156419620051086,3.4482758620689653
2016,10,RJ,49,55,33,12347.6,224.50181818181818,0.0,19.62935870181406,3.25
2016,10,RN,4,5,4,881.3400000000001,176.26800000000003,0.0,28.152490740740745,5.0
2016,10,RR,1,1,1,69.02000000000001,69.02000000000001,0.0,8.58306712962963,4.0
2016,10,RS,23,25,22,4637.91,185.5164,0.0,18.936327614379085,3.4
2016,10,SC,10,14,9,2654.23,189.58785714285713,0.0,22.618322585978834,3.7142857142857144
2016,10,SE,3,3,3,345.92,115.30666666666667,0.0,30.503271604938273,4.666666666666667
2016,10,SP,109,123,72,16486.34,134.03528455284552,0.016260162601626018,18.060426647978254,3.6341463414634148
2016,12,PR,1,1,1,19.62,19.62,0.0,4.693020833333334,5.0
2017,1,AC,2,4,1,723.14,180.785,0.0,19.833532986111113,2.0
2017,1,AL,2,3,2,454.36,151.45333333333335,0.0,15.470570987654321,3.6666666666666665
2017,1,BA,25,30,20,4511.37,150.379,0.03333333333333333,15.306691012132823,3.9
2017,1,CE,9,9,9,1266.13,140.68111111111114,0.1111111111111111,25.564733796296295,3.7777777777777777
2017,1,DF,13,15,14,2104.75,140.31666666666666,0.2,23.641635030864197,3.4
2017,1,ES,11,11,10,2492.58,226.5981818181818,0.09090909090909091,16.522204218106996,3.4545454545454546
2017,1,GO,18,34,18,4658.29,137.0085294117647,0.0,14.059269812091502,4.676470588235294
2017,1,MA,7,7,7,798.1,114.01428571428572,0.14285714285714285,24.799463734567905,4.142857142857143
2017,1,MG,106,134,67,18615.96,138.92507462686567,0.0,10.982846955128204,4.330827067669173
2017,1,MS,1,1,1,170.36,170.36,0.0,11.65431712962963,5.0
2017,1,MT,11,15,11,2303.69,153.57933333333332,0.0,15.269295762108262,2.8666666666666667
2017,1,PA,12,13,12,2777.77,213.67461538461538,0.0,15.086317129629629,4.230769230769231
2017,1,PB,2,2,2,463.12999999999994,231.56499999999997,0.0,11.21314236111111,4.5
2017,1,PE,9,9,9,2151.93,239.10333333333332,0.1111111111111111,20.816387602880656,4.25
2017,1,PI,7,7,7,1453.98,207.71142857142857,0.0,15.076003637566137,4.714285714285714
2017,1,PR,65,71,31,6483.24,91.31323943661971,0.028169014084507043,11.921682559425097,4.126760563380282
2017,1,RJ,96,108,60,14747.45,136.55046296296297,0.046296296296296294,14.204415003595829,3.8221153846153846
2017,1,RN,5,5,5,1268.13,253.62600000000003,0.0,10.292210648148147,4.8
2017,1,RO,3,3,3,825.51,275.17,0.0,28.514918981481483,3.0
2017,1,RS,53,65,43,13615.9,209.4753846153846,0.015384615384615385,12.764591416813639,4.140625
2017,1,SC,31,39,26,7301.31,187.21307692307693,0.05128205128205128,18.05677832244009,3.871794871794872
2017,1,SE,4,4,4,381.78,95.445,0.0,13.250896990740742,4.75
2017,1,SP,295,364,146,46942.770000000004,128.96365384615385,0.02197802197802198,10.331463725799663,4.061111111111111
2017,1,TO,2,2,2,676.8599999999999,338.42999999999995,0.0,13.320248842592594,4.5
2017,2,AC,3,6,3,597.4,99.56666666666666,0.0,26.215358796296297,5.0
2017,2,AL,12,12,12,2967.87,247.3225,0.08333333333333333,28.726516203703707,4.333333333333333
2017,2,AM,8,8,6,1122.54,140.3175,0.0,16.840549768518517,4.875
2017,2,AP,2,6,2,707.1999999999999,117.86666666666666,0.0,16.15709490740741,4.166666666666667
2017,2,BA,59,63,54,8635.5,137.07142857142858,0.07936507936507936,21.372892398446837,3.857142857142857
2017,2,CE,13,14,13,2483.53,177.395,0.07142857142857142,20.495754794973546,4.428571428571429
2017,2,DF,24,25,22,10867.46,434.6984,0.0,11.930320391414142,4.166666666666667
2017,2,ES,34,39,29,5427.13,139.1571794871795,0.05128205128205128,19.741516525205764,3.8378378378378377
2017,2,GO,27,29,24,3000.67,103.47137931034483,0.034482758620689655,21.33716257122507,3.896551724137931
2017,2,MA,11,11,11,1195.23,108.65727272727273,0.0,15.553945707070708,4.636363636363637
2017,2,MG,251,287,131,35270.2,122.89268292682925,0.006968641114982578,12.296754148080563,4.034843205574913
2017,2,MS,11,12,11,7910.9400000000005,659.245,0.08333333333333333,20.108688271604937,4.583333333333333
2017,2,MT,17,20,15,3583.36,179.168,0.0,18.141696180555556,3.65
2017,2,PA,25,29,24,10958.21,377.86931034482757,0.0,18.645068587105623,4.241379310344827
2017,2,PB,12,12,12,2544.2999999999997,212.02499999999998,0.08333333333333333,20.582323232323233,4.090909090909091
2017,2,PE,20,21,19,3320.02,158.0961904761905,0.047619047619047616,18.18891975308642,4.238095238095238
2017,2,PI,12,14,11,3721.8500000000004,265.8464285714286,0.0,18.686611952861952,3.5714285714285716
2017,2,PR,112,129,85,21332.579999999998,165.3688372093023,0.031007751937984496,13.786021708223972,4.0234375
2017,2,RJ,246,283,148,38120.86,134.70268551236748,0.0353356890459364,12.269861154622667,4.0285714285714285
2017,2,RN,8,10,7,648.61,64.861,0.0,16.550931712962964,4.5
2017,2,RO,10,13,11,2051.96,157.84307692307692,0.0,18.715741705246916,3.5384615384615383
2017,2,RR,2,2,2,108.74,54.37,0.0,9.302783564814815,4.0
2017,2,RS,104,115,75,18324.02,159.3393043478261,0.06956521739130435,15.716971763430097,4.060869565217391
2017,2,SC,58,63,53,8148.19,129.3363492063492,0.047619047619047616,15.51975078405018,3.8524590163934427
2017,2,SE,12,15,12,2404.98,160.332,0.0,18.169116512345678,4.266666666666667
2017,2,SP,633,706,266,89887.72,127.31971671388102,0.031161473087818695,9.93124269462491,4.073758865248227
2017,2,TO,7,7,7,939.5500000000001,134.2214285714286,0.0,16.086931216931216,4.285714285714286
2017,3,AC,2,2,2,530.1800000000001,265.09000000000003,0.0,20.166927083333334,4.5
2017,3,AL,10,10,10,1421.5,142.15,0.2,23.506516203703704,4.1
2017,3,AM,5,6,5,793.39,132.23166666666665,0.16666666666666666,28.777363040123458,5.0
2017,3,AP,3,4,3,412.89,103.2225,0.75,105.93486979166667,4.75
2017,3,BA,91,107,71,18885.75,176.50233644859813,0.08411214953271028,19.995611740381158,3.8365384615384617
2017,3,CE,26,27,20,7158.84,265.14222222222224,0.3333333333333333,29.636564643347054,2.962962962962963
2017,3,DF,56,63,49,8154.41,129.43507936507936,0.0,11.997887446873102,4.261904761904762
2017,3,ES,48,52,40,6002.27,115.42826923076925,0.0,9.583312908496731,4.326923076923077
2017,3,GO,50,55,46,9971.98,181.30872727272725,0.0,14.387072872150998,3.8545454545454545
2017,3,MA,23,28,17,2771.4900000000002,98.98178571428572,0.17857142857142858,22.945805469821675,3.4285714285714284
2017,3,MG,352,412,188,50100.89,121.60410194174757,0.03398058252427184,11.558380263036668,4.193154034229829
2017,3,MS,19,22,18,6992.9,317.85909090909087,0.0,11.827615740740741,4.5
2017,3,MT,16,22,15,2702.55,122.84318181818183,0.3181818181818182,28.265990635521884,3.272727272727273
2017,3,PA,35,41,31,9072.74,221.28634146341463,0.07317073170731707,23.67162968608853,3.3658536585365852
2017,3,PB,16,18,14,4936.41,274.245,0.05555555555555555,18.474501028806586,4.444444444444445
2017,3,PE,44,48,40,9001.18,187.52458333333334,0.020833333333333332,17.40733391203704,3.9583333333333335
2017,3,PI,13,16,12,2636.75,164.796875,0.3125,44.204526909722226,3.8125
2017,3,PR,125,142,99,18426.58,129.76464788732395,0.04225352112676056,11.63658028662854,4.112676056338028
2017,3,RJ,391,440,191,64082.61,145.64229545454546,0.04318181818181818,10.548485097687399,3.9908256880733943
2017,3,RN,13,13,13,2104.6,161.8923076923077,0.23076923076923078,31.772711004273503,4.153846153846154
2017,3,RO,16,22,15,2523.68,114.71272727272726,0.2727272727272727,25.339862163299664,3.590909090909091
2017,3,RR,2,2,2,330.81,165.405,0.5,102.50846643518518,4.0
2017,3,RS,148,162,92,23629.97,145.86401234567901,0.024691358024691357,14.150033100377447,4.049382716049383
2017,3,SC,108,121,79,20681.2,170.9190082644628,0.21487603305785125,17.616857886198165,3.9243697478991595
2017,3,SE,23,28,19,3210.76,114.67,0.10714285714285714,33.48063485939643,3.642857142857143
2017,3,SP,998,1128,334,154613.07,137.0683244680851,0.03102836879432624,9.674444740944056,4.148114901256733
2017,3,TO,8,9,7,899.19,99.91000000000001,0.0,16.29720775462963,3.7777777777777777
2017,4,AC,5,5,5,1351.5100000000002,270.302,0.0,25.990615740740743,3.2
2017,4,AL,23,24,22,5375.17,223.96541666666667,0.4166666666666667,29.949558606902357,2.9583333333333335
2017,4,AM,13,13,12,1176.23,90.47923076923077,0.0,20.824748041310542,4.538461538461538
2017,4,BA,92,108,77,21483.4,198.9203703703704,0.1388888888888889,27.45920967348928,3.82
2017,4,CE,43,45,38,6973.49,154.96644444444445,0.13333333333333333,28.587832228535355,3.977777777777778
2017,4,DF,35,41,31,8598.36,209.7160975609756,0.0,14.486158275462964,3.682926829268293
2017,4,ES,46,50,41,6452.68,129.05360000000002,0.04,13.52386078042328,3.9
2017,4,GO,41,48,35,6577.33,137.02770833333332,0.08333333333333333,21.551697788065844,3.4583333333333335
2017,4,MA,26,28,23,3984.91,142.31821428571428,0.03571428571428571,21.134204818244168,4.444444444444445
2017,4,MG,275,309,176,47115.25,152.4765372168285,0.025889967637540454,11.956461766975307,4.126623376623376
2017,4,MS,15,17,15,2208.44,129.90823529411765,0.058823529411764705,15.514885620915031,4.294117647058823
2017,4,MT,27,29,27,4521.73,155.92172413793102,0.06896551724137931,22.06937714334705,3.793103448275862
2017,4,PA,36,41,31,6108.21,148.98073170731706,0.0,17.862247628726287,4.219512195121951
2017,4,PB,20,22,18,3562.6800000000003,161.94000000000003,0.13636363636363635,26.204238215488214,3.4285714285714284
2017,4,PE,40,41,36,5385.75,131.359756097561,0.07317073170731707,22.446779592092092,4.048780487804878
2017,4,PI,13,13,12,2855.03,219.61769230769232,0.0,13.24099537037037,4.166666666666667
2017,4,PR,114,127,80,18456.13,145.32385826771653,0.031496062992125984,13.821003024193548,4.05511811023622
2017,4,RJ,334,371,180,65036.56,175.30070080862532,0.07816711590296496,14.164928509310416,4.076086956521739
2017,4,RN,10,12,10,1565.25,130.4375,0.08333333333333333,18.810494791666667,4.75
2017,4,RO,9,9,8,1327.07,147.45222222222222,0.1111111111111111,20.23367394179894,3.6666666666666665
2017,4,RR,2,2,2,106.89,53.445,0.0,22.155034722222222,3.5
2017,4,RS,139,156,97,22368.11,143.38532051282053,0.02564102564102564,14.166929551929552,3.9038461538461537
2017,4,SC,105,124,72,13994.76,112.86096774193548,0.12096774193548387,16.53877591801203,4.048387096774194
2017,4,SE,13,14,13,3340.0699999999997,238.57642857142855,0.35714285714285715,30.750041335978835,3.8333333333333335
2017,4,SP,901,1018,310,148682.76,146.05379174852652,0.0756385068762279,11.970656867204974,4.018280632411067
2017,4,TO,14,17,13,3814.47,224.3805882352941,0.11764705882352941,22.23806640625,4.235294117647059
2017,5,AC,8,8,8,2371.73,296.46625,0.0,19.96830439814815,4.125
2017,5,AL,27,28,24,5729.73,204.63321428571427,0.07142857142857142,22.331609224965707,3.8518518518518516
2017,5,AM,9,9,9,1321.68,146.85333333333335,0.1111111111111111,32.76247106481481,3.5555555555555554
2017,5,AP,5,5,5,1508.8400000000001,301.76800000000003,0.2,18.529554398148147,3.8
2017,5,BA,125,151,88,20296.04,134.41086092715233,0.046357615894039736,16.630399225180042,3.8433333333333333
2017,5,CE,62,66,49,12628.67,191.34348484848485,0.030303030303030304,16.421787142255894,4.318181818181818
2017,5,DF,64,70,49,9249.77,132.13957142857143,0.014285714285714285,11.614499684343434,4.185714285714286
2017,5,ES,93,107,72,15614.6,145.93084112149532,0.028037383177570093,12.647752606975908,4.365384615384615
2017,5,GO,86,96,67,19028.36,198.21208333333334,0.041666666666666664,16.81499763540422,4.041666666666667
2017,5,MA,33,34,30,4505.09,132.50264705882353,0.0,16.101428313078703,4.088235294117647
2017,5,MG,424,470,214,59035.6,125.60765957446809,0.01702127659574468,10.676044139541524,4.083333333333333
2017,5,MS,27,29,22,3958.6,136.50344827586207,0.0,12.273359788359787,4.586206896551724
2017,5,MT,37,40,32,7680.57,192.01425,0.025,14.883949074074073,4.2125
2017,5,PA,35,35,34,6570.7,187.7342857142857,0.02857142857142857,19.122204365079366,4.314285714285714
2017,5,PB,18,20,15,3498.43,174.92149999999998,0.05,16.86271990740741,3.85
2017,5,PE,67,74,55,12937.03,174.82472972972974,0.013513513513513514,15.696747354497354,4.054054054054054
2017,5,PI,25,30,24,6943.6900000000005,231.45633333333336,0.0,14.320804612482855,4.266666666666667
2017,5,PR,213,249,153,36312.1,145.83172690763053,0.01606425702811245,10.432407024793388,4.357723577235772
2017,5,RJ,485,562,246,85460.45,152.06485765124555,0.028469750889679714,11.013222781706984,4.0503597122302155
2017,5,RN,17,20,17,5582.870000000001,279.1435,0.0,16.241698495370372,3.9
2017,5,RO,8,8,8,828.88,103.61,0.0,16.918166956018517,4.142857142857143
2017,5,RR,2,3,2,317.97,105.99000000000001,0.0,29.516323302469136,3.6666666666666665
2017,5,RS,206,233,129,33017.56,141.70626609442058,0.012875536480686695,12.094135087404215,4.274678111587983
2017,5,SC,150,171,110,26951.04,157.60842105263157,0.07602339181286549,15.525455084225793,4.049079754601227
2017,5,SE,11,12,10,1059.53,88.29416666666667,0.0,19.66137924382716,4.666666666666667
2017,5,SP,1405,1586,388,201109.55,126.8029949558638,0.05170239596469105,9.092492105501266,4.147264631043257
2017,5,TO,18,20,17,2671.87,133.5935,0.0,12.851542397660818,4.105263157894737
2017,6,AC,4,4,4,510.27,127.5675,0.0,18.691377314814815,4.75
2017,6,AL,10,10,9,1268.97,126.897,0.4,26.172565972222223,3.4
2017,6,AM,1,1,1,204.84,204.84,0.0,5.5345254629629625,2.0
2017,6,AP,2,3,2,369.74,123.24666666666667,0.0,25.46941358024692,4.666666666666667
2017,6,BA,105,124,71,23796.34,191.90596774193548,0.08064516129032258,18.017350580601093,3.707317073170732
2017,6,CE,45,46,39,11404.85,247.93152173913043,0.0,16.523300154320985,4.133333333333334
2017,6,DF,70,84,60,9836.95,117.10654761904763,0.03571428571428571,13.540502426372155,3.857142857142857
2017,6,ES,79,90,64,12343.29,137.14766666666668,0.08888888888888889,16.577766589506172,4.325842696629214
2017,6,GO,79,86,60,11299.08,131.3846511627907,0.03488372093023256,15.282662623066104,4.069767441860465
2017,6,MA,17,17,15,2358.23,138.71941176470588,0.0,16.453,3.6470588235294117
2017,6,MG,360,402,183,54840.9,136.42014925373135,0.014925373134328358,12.072674519456164,4.238095238095238
2017,6,MS,27,31,27,4442.66,143.3116129032258,0.0,14.946205943847072,4.32258064516129
2017,6,MT,25,25,24,4926.25,197.05,0.04,16.764320023148148,4.16
2017,6,PA,38,38,32,6918.59,182.06815789473686,0.07894736842105263,19.512900913065845,4.184210526315789
2017,6,PB,23,25,22,7404.7,296.188,0.08,20.363579282407407,3.96
2017,6,PE,45,46,37,7561.45,164.37934782608696,0.06521739130434782,19.462416225749557,4.065217391304348
2017,6,PI,14,14,14,2626.96,187.64000000000001,0.0,13.527299107142856,4.5
2017,6,PR,170,185,109,25942.33,140.2288108108108,0.010810810810810811,11.18912901912902,4.183783783783784
2017,6,RJ,410,445,216,63202.25,142.02752808988765,0.035955056179775284,12.427421381635092,4.078767123287672
2017,6,RN,12,12,10,1593.06,132.755,0.08333333333333333,20.228647762345677,3.9166666666666665
2017,6,RO,10,13,11,2311.06,177.77384615384614,0.0,17.09980235042735,4.769230769230769
2017,6,RR,3,3,3,175.18,58.39333333333334,0.0,19.75395061728395,4.666666666666667
2017,6,RS,220,259,131,28878.58,111.50030888030889,0.019305019305019305,12.19891446164544,4.447876447876448
2017,6,SC,115,131,87,16083.6,122.77557251908397,0.03816793893129771,14.27346027479092,3.9846153846153847
2017,6,SE,9,10,9,1806.32,180.632,0.0,19.53886188271605,3.2
2017,6,SP,1316,1470,380,196415.47,133.61596598639457,0.04013605442176871,9.375404445996276,4.117626886145405
2017,6,TO,8,9,8,4441.12,493.4577777777778,0.0,14.601157407407406,4.666666666666667
2017,7,AC,5,5,5,794.4,158.88,0.0,18.262972222222224,4.4
2017,7,AL,17,19,16,3013.45,158.60263157894735,0.3684210526315789,28.696352805010893,3.5
2017,7,AM,5,7,5,951.4,135.9142857142857,0.0,17.177369378306878,3.857142857142857
2017,7,AP,1,1,1,292.39,292.39,0.0,16.832905092592593,4.0
2017,7,BA,151,161,95,23101.6,143.48819875776397,0.049689440993788817,17.990990034271285,4.069182389937107
2017,7,CE,53,60,39,9833.21,163.88683333333333,0.0,16.457334683641974,4.1
2017,7,DF,75,97,62,12837.69,132.34731958762887,0.0,12.168400391370751,4.206185567010309
2017,7,ES,82,95,61,8957.26,94.28694736842105,0.05263157894736842,14.588820552600474,3.89247311827957
2017,7,GO,77,83,61,10576.97,127.43337349397589,0.04819277108433735,14.25139321173583,4.469879518072289
2017,7,MA,39,41,35,7941.34,193.69121951219512,0.024390243902439025,20.74940616096866,3.902439024390244
2017,7,MG,445,491,220,64712.73,131.79782077393077,0.012219959266802444,11.125942384692385,4.104554865424431
2017,7,MS,25,29,25,4305.84,148.47724137931036,0.0,13.46517857142857,3.9310344827586206
2017,7,MT,38,42,29,11348.93,270.21261904761906,0.0,15.33518123306233,4.341463414634147
2017,7,PA,39,45,34,6769.96,150.44355555555555,0.06666666666666667,18.483487103174603,3.888888888888889
2017,7,PB,27,35,24,5991.37,171.182,0.34285714285714286,27.895004910213242,3.914285714285714
2017,7,PE,73,86,59,12409.380000000001,144.2951162790698,0.1511627906976744,22.302780349794237,3.604651162790698
2017,7,PI,20,21,18,2938.77,139.94142857142856,0.047619047619047616,14.852405202821869,3.95
2017,7,PR,197,227,129,29120.86,128.2857268722467,0.00881057268722467,10.80265128600823,4.418141592920354
2017,7,RJ,562,637,261,91472.07,143.59822605965465,0.03296703296703297,12.172406849172324,4.077352472089315
2017,7,RN,27,29,25,4178.25,144.07758620689654,0.13793103448275862,25.14665948275862,3.896551724137931
2017,7,RO,10,10,9,1428.64,142.864,0.0,18.49403703703704,4.4
2017,7,RR,1,1,1,225.01,225.01,0.0,8.518344907407407,5.0
2017,7,RS,246,276,157,35204.09,127.55105072463766,0.021739130434782608,13.301682963984204,4.203636363636364
2017,7,SC,158,185,101,22873.87,123.64254054054054,0.043243243243243246,12.866608146067415,4.264864864864865
2017,7,SE,13,13,13,1773.19,136.39923076923077,0.0,19.084416844729347,3.923076923076923
2017,7,SP,1582,1822,413,211792.37,116.24169593852909,0.03238199780461032,7.9809757574812314,4.179465930018416
2017,7,TO,1,1,1,126.58,126.58,0.0,18.094814814814814,4.0
2017,8,AC,4,4,4,765.8299999999999,191.45749999999998,0.0,18.070072337962962,3.75
2017,8,AL,18,19,14,9675.5,509.2368421052632,0.21052631578947367,24.49476208847737,3.8421052631578947
2017,8,AM,5,6,5,1483.4099999999999,247.23499999999999,0.0,20.407538580246914,4.666666666666667
2017,8,AP,3,4,3,384.78,96.195,0.0,23.626811342592593,4.25
2017,8,BA,158,178,126,33341.66,187.3126966292135,0.028089887640449437,14.925036606373817,4.080459770114943
2017,8,CE,73,82,59,12957.67,158.02036585365855,0.024390243902439025,15.438277439024391,4.475609756097561
2017,8,DF,86,99,72,11677.95,117.95909090909092,0.010101010101010102,11.272453462577161,4.151515151515151
2017,8,ES,95,106,73,15380.6,145.1,0.03773584905660377,13.131984788359789,4.0754716981132075
2017,8,GO,92,126,70,17330.04,137.54000000000002,0.015873015873015872,12.321017561983473,4.10377358490566
2017,8,MA,39,43,32,7786.96,181.0920930232558,0.046511627906976744,18.72774994488536,3.7906976744186047
2017,8,MG,466,536,248,70424.56,131.38910447761194,0.020522388059701493,10.777426442274033,4.283427495291902
2017,8,MS,24,27,21,4468.64,165.50518518518518,0.0,12.684784379286693,3.9615384615384617
2017,8,MT,38,46,34,7831.89,170.25847826086957,0.0,16.199546095008053,4.0
2017,8,PA,58,65,48,17155.53,263.93123076923075,0.0,16.64188548900463,4.123076923076923
2017,8,PB,16,21,16,3053.11,145.38619047619048,0.09523809523809523,20.410633818342152,4.428571428571429
2017,8,PE,85,93,68,15758.78,169.44924731182797,0.15053763440860216,21.81595781893004,3.795698924731183
2017,8,PI,22,25,21,5707.62,228.3048,0.04,17.88980324074074,3.92
2017,8,PR,222,252,137,33461.64,132.78428571428572,0.0,9.748670185185185,4.386454183266932
2017,8,RJ,556,633,269,90959.26,143.69551342812005,0.02843601895734597,12.026744073015008,4.14776357827476
2017,8,RN,20,22,20,3273.35,148.78863636363636,0.09090909090909091,18.781218434343433,4.590909090909091
2017,8,RO,14,17,14,2815.9700000000003,165.64529411764707,0.0,17.812436683006535,4.470588235294118
2017,8,RS,299,324,158,40826.16,126.00666666666667,0.07716049382716049,14.866873810141918,4.173374613003096
2017,8,SC,158,179,114,26156.76,146.1271508379888,0.0335195530726257,13.028114563262683,4.159217877094972
2017,8,SE,20,22,17,5657.63,257.165,0.09090909090909091,17.01047343474427,4.181818181818182
2017,8,SP,1707,1966,477,227350.78,115.64129196337741,0.0254323499491353,7.468502262864378,4.280737704918033
2017,8,TO,15,15,12,2518.52,167.90133333333333,0.0,14.19690586419753,4.866666666666666
2017,9,AC,5,5,5,2029.23,405.846,0.2,26.697754629629628,4.0
2017,9,AL,20,20,20,5191.65,259.5825,0.4,31.356842105263155,3.45
2017,9,AM,9,10,9,1518.44,151.844,0.0,24.900152777777777,4.0
2017,9,AP,2,4,2,499.22,124.805,0.0,19.747086226851852,5.0
2017,9,BA,170,191,116,28325.21,148.2995287958115,0.19895287958115182,19.422262362096138,3.904255319148936
2017,9,CE,77,94,61,19706.43,209.64287234042553,0.02127659574468085,14.736255596255598,3.8085106382978724
2017,9,DF,96,113,79,15514.66,137.29787610619468,0.10619469026548672,12.899240386219553,4.030973451327434
2017,9,ES,93,106,70,13314.19,125.60556603773585,0.03773584905660377,12.365003166491965,3.9904761904761905
2017,9,GO,88,104,73,16457.69,158.2470192307692,0.038461538461538464,13.125794791666667,3.9711538461538463
2017,9,MA,42,46,33,11340.69,246.5367391304348,0.10869565217391304,17.593601594650206,4.195652173913044
2017,9,MG,501,568,259,84381.51,148.55899647887324,0.008802816901408451,10.084338169642857,4.306194690265487
2017,9,MS,32,33,31,5569.4800000000005,168.77212121212122,0.0,12.124950897867565,4.03030303030303
2017,9,MT,35,45,33,8265.92,183.6871111111111,0.044444444444444446,16.52676320496633,3.7333333333333334
2017,9,PA,41,46,36,7731.74,168.0813043478261,0.13043478260869565,23.57249949677939,4.1521739130434785
2017,9,PB,28,34,26,6860.38,201.77588235294118,0.2647058823529412,25.50118391577061,4.03030303030303
2017,9,PE,76,88,54,17658.39,200.66352272727272,0.07954545454545454,16.217918416236003,4.0
2017,9,PI,23,24,20,3911.94,162.9975,0.041666666666666664,16.611845309983895,3.8260869565217392
2017,9,PR,179,207,114,26518.73,128.10980676328504,0.004830917874396135,11.693287661129267,4.0634146341463415
2017,9,RJ,606,700,309,109054.19,155.7917,0.05857142857142857,13.059367075560964,4.088872832369942
2017,9,RN,24,28,23,4180.44,149.30142857142854,0.10714285714285714,20.643053840877915,3.6785714285714284
2017,9,RO,16,20,14,4938.28,246.914,0.0,17.55603587962963,3.55
2017,9,RR,1,1,1,65.37,65.37,0.0,17.039849537037036,4.0
2017,9,RS,277,317,174,43442.1,137.04132492113564,0.028391167192429023,13.829624859484086,4.176656151419558
2017,9,SC,155,174,112,29452.55,169.26752873563217,0.09770114942528736,14.8036224833118,4.103448275862069
2017,9,SE,16,17,17,3541.49,208.32294117647058,0.11764705882352941,20.54262391067538,3.9411764705882355
2017,9,SP,1615,1817,484,246529.27,135.67929003852504,0.03577325261419923,8.43112193615957,4.215713492504165
2017,9,TO,16,19,15,4399.72,231.5642105263158,0.05263157894736842,18.936776315789473,4.315789473684211
2017,10,AC,6,6,5,958.17,159.695,0.0,13.143270833333332,3.3333333333333335
2017,10,AL,28,33,26,6341.58,192.1690909090909,0.09090909090909091,20.56649831649832,4.151515151515151
2017,10,AM,3,3,3,164.56,54.85333333333333,0.0,19.624421296296294,5.0
2017,10,AP,3,3,3,1696.74,565.58,0.0,18.691172839506173,4.333333333333333
2017,10,BA,164,188,115,29273.65,155.71090425531915,0.10106382978723404,18.083935250575436,3.7914438502673797
2017,10,CE,65,71,50,14732.78,207.50394366197185,0.04225352112676056,19.982939982555017,3.8857142857142857
2017,10,DF,96,109,76,15305.14,140.41412844036697,0.045871559633027525,12.262167245370371,3.9220183486238533
2017,10,ES,100,108,84,12667.55,117.29212962962963,0.08333333333333333,14.940674189814816,4.185185185185185
2017,10,GO,107,130,88,20197.74,155.3672307692308,0.046153846153846156,13.824855817542348,4.267716535433071
2017,10,MA,48,57,38,12526.98,219.77157894736843,0.3508771929824561,22.41058540448343,3.5964912280701755
2017,10,MG,553,640,263,94553.99,147.74060937500002,0.0125,10.512875908997232,4.216194968553459
2017,10,MS,33,45,31,7301.77,162.26155555555556,0.08888888888888889,13.347240226337448,4.333333333333333
2017,10,MT,50,63,39,12892.88,204.64888888888888,0.015873015873015872,16.48381558641975,4.253968253968254
2017,10,PA,53,59,43,8768.44,148.61762711864407,0.0847457627118644,24.589454821200512,3.8813559322033897
2017,10,PB,29,31,29,11597.45,374.11129032258066,0.0,18.88553665123457,4.241379310344827
2017,10,PE,80,85,66,20473.34,240.86282352941177,0.07058823529411765,17.729762872628726,4.27710843373494
2017,10,PI,23,26,23,4955.04,190.57846153846154,0.038461538461538464,15.864549056267807,4.423076923076923
2017,10,PR,203,243,135,38258.229999999996,157.44127572016458,0.04526748971193416,12.5607980739178,3.871369294605809
2017,10,RJ,662,768,325,112607.96,146.62494791666668,0.07161458333333333,12.76908834724052,4.04973474801061
2017,10,RN,23,26,23,5352.02,205.8469230769231,0.038461538461538464,19.275051638176638,4.076923076923077
2017,10,RO,14,15,14,2385.01,159.0006666666667,0.0,16.743125,4.0
2017,10,RR,3,3,3,525.1500000000001,175.05000000000004,0.3333333333333333,33.39222608024692,3.6666666666666665
2017,10,RS,248,300,165,43852.0,146.17333333333335,0.04,14.204563323917137,4.023489932885906
2017,10,SC,174,189,124,24773.76,131.07809523809522,0.05291005291005291,12.843447543111894,4.207446808510638
2017,10,SE,22,23,22,5123.29,222.75173913043477,0.2608695652173913,23.17351902173913,3.217391304347826
2017,10,SP,1765,2084,518,258789.08,124.17902111324375,0.03742802303262956,8.207504609144543,4.071497818710616
2017,10,TO,13,14,13,3238.0699999999997,231.29071428571427,0.0,13.767481812169311,4.0
2017,11,AC,5,5,5,945.16,189.03199999999998,0.2,24.07599537037037,3.6
2017,11,AL,26,33,24,7441.47,225.4990909090909,0.36363636363636365,26.49274936868687,3.787878787878788
2017,11,AM,10,10,9,3001.01,300.101,0.0,34.22476157407407,4.7
2017,11,AP,4,5,4,689.1700000000001,137.834,0.0,29.391956018518517,4.6
2017,11,BA,245,297,142,35846.73,120.69606060606061,0.14814814814814814,19.813482966755153,3.8071672354948807
2017,11,CE,108,123,79,22531.79,183.18528455284553,0.2682926829268293,24.32539361660389,3.3688524590163933
2017,11,DF,162,182,120,31706.91,174.2137912087912,0.13736263736263737,15.746725950150731,3.681318681318681
2017,11,ES,170,195,114,28879.93,148.10220512820513,0.2205128205128205,17.17242629773556,3.743455497382199
2017,11,GO,156,183,122,25076.24,137.02863387978144,0.15846994535519127,18.11945576131687,3.903954802259887
2017,11,MA,55,63,52,12454.039999999999,197.6831746031746,0.5396825396825397,29.868829121129327,2.935483870967742
2017,11,MG,932,1089,361,155906.04,143.16440771349863,0.09366391184573003,14.308726873305188,4.021316033364226
2017,11,MS,46,54,44,7416.47,137.34203703703704,0.12962962962962962,16.19146901709402,3.9074074074074074
2017,11,MT,74,88,66,13430.37,152.61784090909092,0.11363636363636363,19.716654028309918,3.7386363636363638
2017,11,PA,70,78,53,14431.58,185.02025641025642,0.1282051282051282,25.92349101130351,3.3896103896103895
2017,11,PB,29,30,24,5941.99,198.06633333333332,0.16666666666666666,24.06867228835979,3.3793103448275863
2017,11,PE,126,148,86,24319.14,164.31851351351352,0.11486486486486487,18.728846056941297,3.579310344827586
2017,11,PI,31,32,27,3805.39,118.9184375,0.59375,26.945975477430554,3.21875
2017,11,PR,371,446,231,55473.03,124.37899103139013,0.08520179372197309,14.447000973274411,4.030474040632054
2017,11,RJ,1040,1212,401,175527.24,144.82445544554454,0.2623762376237624,18.911058881146772,3.549166666666667
2017,11,RN,43,49,38,10050.300000000001,205.10816326530613,0.1836734693877551,21.02679915287628,3.36734693877551
2017,11,RO,17,18,17,7057.47,392.0816666666667,0.0,16.76680362654321,4.0
2017,11,RR,2,2,2,151.45999999999998,75.72999999999999,0.5,34.114386574074075,3.0
2017,11,RS,417,482,234,68727.49,142.58815352697096,0.15352697095435686,19.01516543112205,3.701041666666667
2017,11,SC,298,354,182,46998.15,132.76313559322034,0.14124293785310735,17.561373639960436,3.7435897435897436
2017,11,SE,26,28,25,6613.39,236.19250000000002,0.25,26.18110036375661,3.2857142857142856
2017,11,SP,2971,3437,675,411642.89,119.76807972068664,0.08117544370090195,10.657064686981757,3.9954492072812684
2017,11,TO,17,22,16,3078.92,139.9509090909091,0.22727272727272727,21.103600063131314,3.9545454545454546
2017,12,AC,5,6,5,1409.58,234.92999999999998,0.0,20.666400462962965,4.833333333333333
2017,12,AL,12,12,12,2680.76,223.39666666666668,0.0,21.773832947530863,4.416666666666667
2017,12,AM,6,6,6,1173.6200000000001,195.60333333333335,0.0,36.87753279320987,4.666666666666667
2017,12,AP,4,4,4,770.56,192.64,0.0,30.543990162037037,4.0
2017,12,BA,192,211,130,33565.28,159.07715639810425,0.14218009478672985,22.338306327160495,3.9134615384615383
2017,12,CE,81,85,58,13588.75,159.86764705882354,0.09411764705882353,22.73702490517626,4.0588235294117645
2017,12,DF,131,153,96,19932.25,130.2761437908497,0.0784313725490196,15.548248788937945,4.1506849315068495
2017,12,ES,111,115,91,14720.59,128.00513043478261,0.06086956521739131,19.61634827628968,4.106194690265487
2017,12,GO,127,138,82,18604.18,134.81289855072464,0.07971014492753623,18.37211124727669,3.927007299270073
2017,12,MA,41,45,37,7542.95,167.6211111111111,0.1111111111111111,24.346995475589225,3.1555555555555554
2017,12,MG,681,786,298,107701.95,137.0253816793893,0.035623409669211195,14.365368349024962,4.002551020408164
2017,12,MS,36,40,32,6214.5,155.3625,0.1,19.711370614035086,4.0375
2017,12,MT,50,54,45,11204.1,207.48333333333335,0.09259259259259259,22.68516487596087,3.7358490566037736
2017,12,PA,58,61,55,12382.4,202.99016393442622,0.09836065573770492,26.418668412264726,3.85
2017,12,PB,37,41,33,7016.25,171.1280487804878,0.0975609756097561,21.0856467366757,3.725
2017,12,PE,103,118,80,19719.54,167.11474576271186,0.07627118644067797,21.363751396871006,3.896551724137931
2017,12,PI,23,25,21,3508.48,140.3392,0.12,20.320342592592592,4.32
2017,12,PR,264,284,167,35409.88,124.68267605633802,0.04929577464788732,14.640314277447091,3.9752650176678443
2017,12,RJ,779,870,314,136842.34,157.2900459770115,0.2482758620689655,21.833155134176092,3.330977620730271
2017,12,RN,30,33,24,4098.5,124.1969696969697,0.06060606060606061,16.438765782828284,4.545454545454546
2017,12,RO,11,12,11,2410.36,200.86333333333334,0.0,21.766910686728394,3.75
2017,12,RS,280,316,181,49006.07,155.0825,0.10759493670886076,19.895678373437132,3.8434504792332267
2017,12,SC,192,205,134,28370.06,138.39053658536585,0.06341463414634146,17.92034643179765,4.083333333333333
2017,12,SE,20,27,20,4051.92,150.07111111111112,0.18518518518518517,24.938566100823046,4.444444444444445
2017,12,SP,2336,2646,602,319730.2,120.83529856387,0.03363567649281935,10.17367472396858,4.14975200305227
2017,12,TO,14,15,14,1892.16,126.144,0.06666666666666667,18.60022299382716,4.333333333333333
2018,1,AC,6,6,6,1157.89,192.98166666666668,0.0,18.74241898148148,4.166666666666667
2018,1,AL,37,41,35,6485.9,158.19268292682926,0.3170731707317073,27.610108858858858,3.2439024390243905
2018,1,AM,12,12,10,3433.46,286.12166666666667,0.0,31.2637287808642,3.5
2018,1,AP,11,13,10,2788.74,214.5184615384615,0.0,23.731526887464387,3.6923076923076925
2018,1,BA,235,264,159,44286.35,167.75132575757576,0.07954545454545454,19.5250598068886,3.7635658914728682
2018,1,CE,90,109,66,16912.45,155.16009174311927,0.09174311926605505,23.221054225768324,3.4711538461538463
2018,1,DF,138,154,101,20728.31,134.5994155844156,0.045454545454545456,12.670373742948247,3.8627450980392157
2018,1,ES,146,161,103,23906.48,148.48745341614907,0.11801242236024845,16.553694082754628,4.213836477987422
2018,1,GO,146,171,108,20190.21,118.07140350877192,0.04093567251461988,15.99572553692746,3.958823529411765
2018,1,MA,57,65,50,11209.05,172.44692307692307,0.06153846153846154,19.766241732804232,3.75
2018,1,MG,860,982,386,134440.11,136.90438900203665,0.032586558044806514,12.770225012913222,4.065061475409836
2018,1,MS,70,79,62,12029.88,152.27696202531644,0.06329113924050633,15.52787798874824,4.30379746835443
2018,1,MT,85,97,69,14654.16,151.07381443298968,0.030927835051546393,19.27583394249513,4.020833333333333
2018,1,PA,70,77,55,16900.37,219.48532467532465,0.09090909090909091,25.890583272417153,3.6578947368421053
2018,1,PB,31,33,27,8022.5199999999995,243.10666666666665,0.12121212121212122,21.727790053310887,4.363636363636363
2018,1,PE,104,112,79,18536.62,165.5055357142857,0.08928571428571429,19.154278514309762,4.0
2018,1,PI,47,50,40,8577.28,171.5456,0.12,18.847413194444442,4.08
2018,1,PR,375,432,207,52652.12,121.87990740740742,0.046296296296296294,14.349727711794738,3.8974358974358974
2018,1,RJ,887,1022,353,143217.23,140.13427592954991,0.14090019569471623,18.416890222809812,3.6175595238095237
2018,1,RN,45,49,32,7209.5199999999995,147.13306122448978,0.02040816326530612,15.168062852254428,4.375
2018,1,RO,20,22,19,3090.1,140.45909090909092,0.045454545454545456,25.129769044612793,4.045454545454546
2018,1,RR,2,2,2,278.44,139.22,0.0,25.00730324074074,2.5
2018,1,RS,373,423,222,57270.81,135.39198581560282,0.08983451536643026,18.90993083311129,3.8886255924170614
2018,1,SC,313,355,202,46253.94,130.29278873239437,0.11830985915492957,19.558921971723848,3.7772988505747125
2018,1,SE,20,21,18,3732.32,177.7295238095238,0.047619047619047616,19.274322916666666,4.238095238095238
2018,1,SP,3023,3434,695,426001.38,124.0539836924869,0.03814793244030285,9.958067670826345,4.06968896713615
2018,1,TO,17,22,18,3336.25,151.64772727272728,0.0,18.313058311287477,3.772727272727273
2018,2,AC,3,3,3,299.22,99.74000000000001,0.0,23.13981867283951,4.666666666666667
2018,2,AL,27,29,25,5680.849999999999,195.8913793103448,0.3448275862068966,27.727143199233716,3.142857142857143
2018,2,AM,8,13,8,2486.58,191.2753846153846,0.15384615384615385,32.84789262820513,2.6923076923076925
2018,2,AP,2,2,2,1086.31,543.155,0.0,22.14496527777778,4.0
2018,2,BA,214,253,145,38282.38,151.31375494071145,0.20553359683794467,23.594279408457037,3.430830039525692
2018,2,CE,88,103,68,14184.51,137.71368932038834,0.4174757281553398,30.338670989229026,2.883495145631068
2018,2,DF,171,190,125,24729.25,130.15394736842106,0.1736842105263158,19.18235315010778,3.723684210526316
2018,2,ES,151,166,115,20412.78,122.96855421686746,0.1686746987951807,19.229117265130984,3.8841463414634148
2018,2,GO,149,176,107,21539.63,122.38426136363637,0.2159090909090909,19.926475290697677,3.7122093023255816
2018,2,MA,55,59,46,12459.92,211.1850847457627,0.4067796610169492,29.899108207784053,3.2203389830508473
2018,2,MG,800,899,362,125213.63,139.28101223581757,0.10233592880978866,15.909365545672076,3.943566591422122
2018,2,MS,64,77,56,10126.16,131.50857142857143,0.2077922077922078,20.640010972823475,3.74025974025974
2018,2,MT,67,71,56,9847.28,138.69408450704228,0.16901408450704225,22.749010009128845,3.859154929577465
2018,2,PA,58,69,47,10994.710000000001,159.34362318840581,0.2463768115942029,32.10884923066448,3.761904761904762
2018,2,PB,35,43,33,6342.92,147.50976744186048,0.09302325581395349,21.009528962101637,3.744186046511628
2018,2,PE,125,134,95,20929.27,156.18858208955226,0.12686567164179105,20.782218839031337,4.015503875968992
2018,2,PI,34,41,32,5964.5599999999995,145.4770731707317,0.21951219512195122,23.703079000474833,3.5121951219512195
2018,2,PR,338,385,205,52650.65,136.75493506493507,0.09090909090909091,14.61050238235583,3.994764397905759
2018,2,RJ,916,1053,389,138775.49,131.79058879392213,0.33618233618233617,23.353851726418537,3.14145793192036
2018,2,RN,23,26,19,4131.02,158.88538461538462,0.07692307692307693,20.381341257122507,4.461538461538462
2018,2,RO,13,14,13,2109.9700000000003,150.71214285714288,0.0,20.910919312169312,4.5
2018,2,RR,5,5,5,384.01000000000005,76.802,0.2,47.57476466049383,2.2
2018,2,RS,368,429,210,55181.71,128.62869463869464,0.13053613053613053,20.870260826126835,3.8430913348946136
2018,2,SC,257,301,169,38110.26,126.61215946843855,0.24916943521594684,21.935865531009195,3.391304347826087
2018,2,SE,15,21,13,5103.1,243.00476190476192,0.23809523809523808,20.06911761463845,4.0
2018,2,SP,2687,3089,668,356273.75,115.33627387504046,0.08028488183878278,11.37155105975235,3.9157706093189963
2018,2,TO,21,21,20,3609.04,171.85904761904763,0.5238095238095238,27.460395254629628,3.142857142857143
2018,3,AC,2,2,2,164.67000000000002,82.33500000000001,0.0,35.650989583333335,3.0
2018,3,AL,30,34,27,8184.59,240.72323529411764,0.38235294117647056,23.50803950119474,3.3529411764705883
2018,3,AM,9,11,9,1607.24,146.11272727272728,0.18181818181818182,38.65373726851852,4.5
2018,3,AP,5,5,5,704.54,140.908,0.0,32.19131018518519,3.6
2018,3,BA,248,288,171,45398.29,157.6329513888889,0.3298611111111111,22.986167087542086,3.265734265734266
2018,3,CE,98,117,72,22544.75,192.69017094017093,0.5128205128205128,29.620070684523807,3.0258620689655173
2018,3,DF,150,167,113,24909.0,149.1556886227545,0.20359281437125748,16.33444811427281,3.6484848484848484
2018,3,ES,134,146,96,20604.41,141.12609589041097,0.4246575342465753,21.57115900383142,3.2762237762237763
2018,3,GO,146,175,103,23637.05,135.06885714285713,0.17714285714285713,17.909188308130616,3.5028571428571427
2018,3,MA,53,66,46,11033.76,167.17818181818183,0.4696969696969697,26.6040029495221,3.375
2018,3,MG,876,989,373,141772.79,143.3496359959555,0.2224469160768453,16.61438980237986,3.549079754601227
2018,3,MS,58,66,47,9033.14,136.86575757575756,0.36363636363636365,21.215083333333336,3.3181818181818183
2018,3,MT,55,67,50,10492.42,156.60328358208955,0.2835820895522388,23.1445124191652,3.4696969696969697
2018,3,PA,73,80,61,16405.38,205.06725,0.475,38.358193349599595,2.371794871794872
2018,3,PB,39,51,33,8067.2300000000005,158.18098039215687,0.09803921568627451,21.79758578431373,4.235294117647059
2018,3,PE,108,115,80,27020.86,234.964,0.21739130434782608,21.24822388726446,3.807017543859649
2018,3,PI,35,39,34,8268.54,212.01384615384617,0.3076923076923077,21.07918311403509,3.5
2018,3,PR,376,431,227,60127.1,139.5060324825986,0.1368909512761021,14.859753378971387,3.781395348837209
2018,3,RJ,906,1040,402,141012.28,135.58873076923078,0.33557692307692305,23.66805975057638,3.12807881773399
2018,3,RN,39,42,36,9095.81,216.56690476190474,0.21428571428571427,24.385752879403796,3.9404761904761907
2018,3,RO,13,14,13,3305.85,236.13214285714284,0.21428571428571427,26.17214699074074,3.2142857142857144
2018,3,RR,6,6,5,2643.64,440.6066666666666,0.0,32.21258564814815,3.3333333333333335
2018,3,RS,416,464,261,68068.18,146.69866379310344,0.19181034482758622,19.859989012277698,3.6511879049676024
2018,3,SC,251,290,172,43141.1,148.76241379310343,0.2103448275862069,16.802850904882156,3.731707317073171
2018,3,SE,18,21,17,3504.4,166.8761904761905,0.6666666666666666,26.036104166666668,2.3333333333333335
2018,3,SP,3024,3470,731,438800.17,126.45538040345821,0.10922190201729107,10.222425450744,4.032561505065123
2018,3,TO,20,21,20,5579.63,265.69666666666666,0.3333333333333333,20.698787477954145,3.5238095238095237
2018,4,AC,4,4,4,588.17,147.0425,0.25,35.31578703703703,3.25
2018,4,AL,28,30,28,7201.21,240.04033333333334,0.23333333333333334,23.481249201787996,3.466666666666667
2018,4,AM,6,6,6,893.49,148.915,0.0,26.38208526234568,4.666666666666667
2018,4,AP,5,6,5,1042.8,173.79999999999998,0.0,26.278003472222224,4.4
2018,4,BA,225,249,159,38804.85,155.84277108433736,0.2289156626506024,22.17245225089106,3.756198347107438
2018,4,CE,100,106,74,20973.58,197.86396226415096,0.2358490566037736,23.805728258896153,3.6037735849056602
2018,4,DF,148,168,115,22169.55,131.96160714285713,0.03571428571428571,11.050327420794288,4.186746987951807
2018,4,ES,142,160,105,20181.64,126.13525,0.15,17.290448678504454,3.9155844155844157
2018,4,GO,134,147,99,22526.54,153.241768707483,0.061224489795918366,15.458794380587486,4.158620689655172
2018,4,MA,46,49,45,10023.53,204.56183673469388,0.14285714285714285,19.349710884353744,4.122448979591836
2018,4,MG,786,890,379,130586.46,146.7263595505618,0.025842696629213482,10.962470133114975,4.126410835214447
2018,4,MS,43,52,41,7053.14,135.6373076923077,0.07692307692307693,16.43450943732194,3.769230769230769
2018,4,MT,65,69,55,13752.37,199.30971014492755,0.014492753623188406,18.101926572712415,4.434782608695652
2018,4,PA,71,81,62,14489.05,178.87716049382715,0.2716049382716049,30.482840369152044,3.2133333333333334
2018,4,PB,31,32,27,5783.4400000000005,180.73250000000002,0.1875,23.689023387611748,3.46875
2018,4,PE,114,130,87,22240.47,171.08053846153848,0.13076923076923078,20.687985092592594,3.5546875
2018,4,PI,37,40,33,12911.77,322.79425000000003,0.1,16.268492242242242,4.0
2018,4,PR,386,459,250,77118.9,168.01503267973854,0.013071895424836602,10.190130730951216,4.200873362445415
2018,4,RJ,834,964,433,144663.72,150.06609958506223,0.0508298755186722,14.153944607668565,3.932247899159664
2018,4,RN,32,35,31,7518.84,214.824,0.37142857142857144,27.21081779100529,3.176470588235294
2018,4,RO,11,11,10,4085.72,371.4290909090909,0.0,22.53999894781145,4.363636363636363
2018,4,RR,2,2,2,772.01,386.005,0.5,42.74304976851852,3.0
2018,4,RS,349,392,210,61424.89,156.69614795918366,0.030612244897959183,13.22335636216113,4.166240409207161
2018,4,SC,246,307,181,51809.38,168.7601954397394,0.019543973941368076,12.173669889251997,4.167763157894737
2018,4,SE,14,14,14,3713.74,265.26714285714286,0.42857142857142855,29.29594373219373,2.7142857142857144
2018,4,SP,3056,3551,829,451998.27,127.28760067586596,0.018867924528301886,7.262363513527863,4.160249150622876
2018,4,TO,19,21,18,5370.51,255.73857142857145,0.09523809523809523,17.242516534391534,4.333333333333333
2018,5,AC,2,2,2,1501.42,750.71,0.0,20.585208333333334,4.0
2018,5,AL,19,19,16,4393.1,231.21578947368423,0.15789473684210525,21.487865497076022,4.578947368421052
2018,5,AM,9,9,9,2181.7900000000004,242.42111111111114,0.0,26.491947016460905,4.888888888888889
2018,5,AP,6,7,6,1189.93,169.99,0.0,24.646397156084657,4.857142857142857
2018,5,BA,240,278,157,42568.95,153.1257194244604,0.19424460431654678,20.19347070707071,3.7335766423357666
2018,5,CE,73,74,58,14529.33,196.3422972972973,0.14864864864864866,21.237384259259258,4.273972602739726
2018,5,DF,144,162,111,29198.37,180.23685185185184,0.1111111111111111,11.842049270393812,4.144654088050315
2018,5,ES,134,156,94,22420.85,143.72339743589743,0.17307692307692307,15.405235088985089,4.045454545454546
2018,5,GO,138,159,105,27869.24,175.27823899371072,0.07547169811320754,13.674081003774475,3.861635220125786
2018,5,MA,32,40,29,8589.55,214.73874999999998,0.15,18.325891493055558,3.55
2018,5,MG,759,894,377,121532.62,135.94252796420582,0.11521252796420582,12.069148715041571,4.069491525423729
2018,5,MS,45,51,41,11140.71,218.44529411764705,0.09803921568627451,13.721247916666666,4.313725490196078
2018,5,MT,66,79,61,14789.89,187.21379746835441,0.05063291139240506,16.858633233708392,4.2025316455696204
2018,5,PA,40,45,38,9160.55,203.56777777777776,0.15555555555555556,26.719037037037033,3.8333333333333335
2018,5,PB,29,30,24,5909.59,196.98633333333333,0.06666666666666667,20.529753086419753,4.533333333333333
2018,5,PE,106,114,69,16788.28,147.2656140350877,0.15789473684210525,17.87459332912458,3.9469026548672566
2018,5,PI,31,41,28,8647.63,210.91780487804877,0.17073170731707318,19.975822337962963,3.8048780487804876
2018,5,PR,311,352,218,54483.62,154.78301136363638,0.10227272727272728,12.327750517351163,4.102564102564102
2018,5,RJ,830,971,417,146648.06,151.02786817713698,0.07415036045314109,12.988108609461138,3.971044467425026
2018,5,RN,22,25,20,4998.86,199.9544,0.08,18.439981018518516,4.0
2018,5,RO,17,20,16,3157.5099999999998,157.8755,0.0,21.461733796296294,4.2
2018,5,RR,1,1,1,171.69,171.69,0.0,18.361585648148147,4.0
2018,5,RS,351,417,218,60082.93,144.0837649880096,0.03357314148681055,13.533818081152067,4.212048192771085
2018,5,SC,227,269,160,41815.090000000004,155.4464312267658,0.07434944237918216,13.18091871372305,4.208955223880597
2018,5,SE,8,9,6,1320.5900000000001,146.73222222222225,0.3333333333333333,21.494508744855967,3.111111111111111
2018,5,SP,3197,3685,819,491377.34,133.34527544097693,0.05318860244233378,7.950572600312903,4.231188658669574
2018,5,TO,16,16,16,3314.33,207.145625,0.25,19.116685474537036,3.875
2018,6,AC,3,3,3,597.26,199.08666666666667,0.0,11.465057870370371,4.666666666666667
2018,6,AL,24,26,20,4852.93,186.65115384615385,0.0,20.616416043447295,4.615384615384615
2018,6,AM,7,10,7,1211.14,121.114,0.0,21.396564814814816,3.1
2018,6,AP,2,2,2,247.91999999999996,123.95999999999998,0.0,17.193408564814817,4.5
2018,6,BA,201,220,141,42410.22,192.77372727272729,0.06363636363636363,17.326247173152417,3.9680365296803655
2018,6,CE,74,83,62,20097.45,242.13795180722892,0.0,15.155310642432557,4.349397590361446
2018,6,DF,150,163,122,23704.42,145.42588957055213,0.006134969325153374,8.963149739583333,4.209876543209877
2018,6,ES,124,139,100,20716.4,149.03884892086333,0.07913669064748201,14.227947950214707,3.935251798561151
2018,6,GO,105,112,84,17381.31,155.19026785714286,0.008928571428571428,11.890072337962962,4.151785714285714
2018,6,MA,42,44,35,7964.57,181.01295454545453,0.13636363636363635,20.057577987213403,3.909090909090909
2018,6,MG,717,824,363,125773.31,152.63751213592232,0.0012135922330097086,8.511279662981051,4.215158924205379
2018,6,MS,49,59,44,10765.75,182.47033898305085,0.01694915254237288,11.99042902542373,4.086206896551724
2018,6,MT,58,70,55,13008.55,185.83642857142857,0.014285714285714285,14.67082457010582,3.9855072463768115
2018,6,PA,54,60,50,11950.55,199.17583333333332,0.0,17.602730324074074,4.366666666666666
2018,6,PB,28,29,20,14221.13,490.3837931034482,0.034482758620689655,16.20921376117497,4.103448275862069
2018,6,PE,94,101,75,18534.13,183.5062376237624,0.019801980198019802,12.293499904543719,4.474747474747475
2018,6,PI,29,30,27,5999.96,199.99866666666668,0.3,22.763846064814814,3.6
2018,6,PR,307,350,230,50327.58,143.79308571428572,0.0,8.824648068555662,4.137931034482759
2018,6,RJ,716,818,368,122261.79000000001,149.46429095354523,0.012224938875305624,10.445493979764684,4.11318407960199
2018,6,RN,36,37,33,8490.83,229.48189189189188,0.0,13.65531121399177,4.1891891891891895
2018,6,RO,11,12,11,2418.9700000000003,201.58083333333335,0.0,15.226195023148149,3.75
2018,6,RR,5,7,4,1642.41,234.63000000000002,0.0,16.297847222222224,3.5714285714285716
2018,6,RS,304,341,211,53080.68,155.66181818181818,0.011730205278592375,11.949372114966874,4.3088235294117645
2018,6,SC,205,246,160,39055.27,158.76126016260162,0.0,9.879000677506776,4.186991869918699
2018,6,SE,28,33,21,5091.96,154.3018181818182,0.0,14.192894290123457,4.242424242424242
2018,6,SP,2769,3235,855,395883.59,122.37514374034004,0.009891808346213293,6.512805609119126,4.218536887786732
2018,6,TO,18,24,18,4987.03,207.79291666666666,0.0,13.51085792824074,4.208333333333333
2018,7,AC,4,9,4,1769.95,196.66111111111113,0.0,13.953360339506172,4.777777777777778
2018,7,AL,23,23,22,4825.2,209.79130434782607,0.17391304347826086,23.326137941919193,3.8260869565217392
2018,7,AM,18,21,18,2598.41,123.73380952380951,0.047619047619047616,22.106329365079365,4.0
2018,7,AP,6,6,6,1613.6299999999999,268.93833333333333,0.0,31.049104938271608,3.8333333333333335
2018,7,BA,250,262,185,50805.6,193.91450381679388,0.06870229007633588,13.531035001441131,4.162162162162162
2018,7,CE,87,96,63,17266.74,179.86187500000003,0.020833333333333332,12.709563707729469,4.239583333333333
2018,7,DF,166,184,126,27296.87,148.35255434782607,0.03804347826086957,9.277703906091885,4.331521739130435
2018,7,ES,123,136,100,33688.270000000004,247.70786764705886,0.08823529411764706,12.08518792866941,4.186567164179104
2018,7,GO,115,142,100,29374.82,206.86492957746478,0.04225352112676056,12.277474335748792,4.119718309859155
2018,7,MA,40,42,36,8361.39,199.08071428571427,0.16666666666666666,17.57180075654923,3.8333333333333335
2018,7,MG,656,717,376,114489.36,159.67832635983262,0.015341701534170154,8.35793727016023,4.234550561797753
2018,7,MS,49,55,44,8295.34,150.82436363636364,0.03636363636363636,12.057673190235692,4.3090909090909095
2018,7,MT,47,60,48,12645.66,210.761,0.0,12.418302083333334,4.35
2018,7,PA,57,61,52,15851.64,259.8629508196721,0.04918032786885246,14.874368548876745,4.229508196721311
2018,7,PB,52,62,46,20455.11,329.9211290322581,0.03225806451612903,15.088693837279903,3.9838709677419355
2018,7,PE,137,144,105,30325.35,210.59270833333332,0.05555555555555555,13.000984443796943,4.180555555555555
2018,7,PI,32,32,30,8471.11,264.7221875,0.09375,15.41192455150463,4.032258064516129
2018,7,PR,319,372,214,56408.28,151.63516129032257,0.021505376344086023,8.508483573104785,4.359459459459459
2018,7,RJ,715,810,376,120112.84,148.28745679012346,0.03580246913580247,9.596503620007493,4.200374531835206
2018,7,RN,29,31,26,9679.73,312.2493548387097,0.0,12.90164127837515,4.379310344827586
2018,7,RO,16,16,16,5249.38,328.08625,0.0,13.26886863425926,4.375
2018,7,RR,5,7,5,1960.59,280.0842857142857,0.0,19.087040343915344,5.0
2018,7,RS,314,371,226,52981.03,142.80601078167115,0.016172506738544475,10.311895167427702,4.2075471698113205
2018,7,SC,198,219,157,37199.87,169.86242009132422,0.0410958904109589,9.475707902670113,4.351598173515982
2018,7,SE,27,27,23,5655.15,209.45,0.07407407407407407,14.447032585470085,4.148148148148148
2018,7,SP,2766,3162,866,377551.62,119.40278937381404,0.051233396584440226,6.689271736857825,4.226300670284073
2018,7,TO,22,25,21,3795.0899999999997,151.8036,0.08,13.787172222222223,4.44
2018,8,AC,3,3,3,604.52,201.50666666666666,0.0,13.642098765432097,5.0
2018,8,AL,16,17,16,2913.71,171.39470588235295,0.0,14.260702614379085,4.176470588235294
2018,8,AM,4,4,4,512.5,128.125,0.0,19.566328125,3.75
2018,8,AP,2,2,2,257.4,128.7,0.0,16.652951388888887,5.0
2018,8,BA,164,172,122,26892.16,156.34976744186045,0.011627906976744186,11.50060102018186,4.191860465116279
2018,8,CE,55,61,45,11881.57,194.77983606557376,0.0,13.25033735579842,4.344262295081967
2018,8,DF,144,159,119,23507.26,147.84440251572326,0.0440251572327044,9.042976295124237,4.1257861635220126
2018,8,ES,105,114,82,19551.27,171.50236842105264,0.008771929824561403,10.037502583498677,4.0964912280701755
2018,8,GO,118,131,97,21254.89,162.25106870229007,0.05343511450381679,10.393503561253562,4.305343511450381
2018,8,MA,30,30,26,5325.36,177.512,0.1,12.679958492975736,4.166666666666667
2018,8,MG,704,762,411,114073.08,149.70220472440946,0.031496062992125984,7.56807499328154,4.294078947368421
2018,8,MS,35,40,36,6551.95,163.79874999999998,0.35,14.918670428240741,3.75
2018,8,MT,40,50,43,5783.76,115.6752,0.02,10.998055555555554,4.12
2018,8,PA,43,50,37,10965.9,219.31799999999998,0.0,14.033861111111111,4.32
2018,8,PB,29,30,27,9240.93,308.031,0.06666666666666667,13.461608397190293,4.166666666666667
2018,8,PE,85,92,63,15478.29,168.24228260869566,0.05434782608695652,12.337713991769549,4.1521739130434785
2018,8,PI,21,21,19,3979.84,189.51619047619047,0.0,11.895357060185185,3.9047619047619047
2018,8,PR,331,367,233,49477.14,134.81509536784742,0.04904632152588556,8.084747155902459,4.314207650273224
2018,8,RJ,742,817,415,113529.73,138.95927784577722,0.07833537331701346,8.231717188879594,4.130541871921182
2018,8,RN,20,20,20,5993.75,299.6875,0.05,12.01560763888889,4.6
2018,8,RO,8,9,8,3236.63,359.6255555555556,0.0,13.134499742798354,4.888888888888889
2018,8,RS,296,367,208,52131.51,142.04771117166214,0.04904632152588556,9.975927296959494,4.347107438016529
2018,8,SC,203,240,163,38389.21,159.95504166666666,0.05416666666666667,9.069768567149083,4.326359832635983
2018,8,SE,23,23,21,5600.79,243.51260869565218,0.0,12.592640901771336,4.3478260869565215
2018,8,SP,3218,3652,945,453509.81,124.18121851040526,0.15224534501642936,6.164048369649204,4.193069306930693
2018,8,TO,13,15,13,2665.51,177.70066666666668,0.2,11.716210648148149,4.666666666666667
2018,9,SP,1,1,1,166.46,166.46,0.0,,1.0
